-- MySQL dump 10.13  Distrib 8.0.22, for Win64 (x86_64)
--
-- Host: localhost    Database: afilio
-- ------------------------------------------------------
-- Server version	8.0.23-0ubuntu0.20.04.1

/*!40101 SET @OLD_CHARACTER_SET_CLIENT=@@CHARACTER_SET_CLIENT */;
/*!40101 SET @OLD_CHARACTER_SET_RESULTS=@@CHARACTER_SET_RESULTS */;
/*!40101 SET @OLD_COLLATION_CONNECTION=@@COLLATION_CONNECTION */;
/*!50503 SET NAMES utf8 */;
/*!40103 SET @OLD_TIME_ZONE=@@TIME_ZONE */;
/*!40103 SET TIME_ZONE='+00:00' */;
/*!40014 SET @OLD_UNIQUE_CHECKS=@@UNIQUE_CHECKS, UNIQUE_CHECKS=0 */;
/*!40014 SET @OLD_FOREIGN_KEY_CHECKS=@@FOREIGN_KEY_CHECKS, FOREIGN_KEY_CHECKS=0 */;
/*!40101 SET @OLD_SQL_MODE=@@SQL_MODE, SQL_MODE='NO_AUTO_VALUE_ON_ZERO' */;
/*!40111 SET @OLD_SQL_NOTES=@@SQL_NOTES, SQL_NOTES=0 */;

--
-- Table structure for table `accounts`
--

DROP TABLE IF EXISTS `accounts`;
/*!40101 SET @saved_cs_client     = @@character_set_client */;
/*!50503 SET character_set_client = utf8mb4 */;
CREATE TABLE `accounts` (
  `loginStatus` tinyint(1) NOT NULL DEFAULT '1',
  `id` char(100) NOT NULL,
  `name` char(255) NOT NULL DEFAULT '',
  `gender` char(10) NOT NULL DEFAULT '',
  `username` char(255) DEFAULT NULL,
  `dob` char(255) NOT NULL DEFAULT '',
  `phoneNumber` char(15) DEFAULT NULL,
  `email` char(255) DEFAULT NULL,
  `password` char(255) CHARACTER SET utf8mb4 COLLATE utf8mb4_general_ci NOT NULL DEFAULT '',
  `otp_iat` varchar(255) NOT NULL DEFAULT '0',
  `otp_number` int DEFAULT NULL,
  `otp_status` tinyint(1) DEFAULT '0',
  `fcm_token` char(200) CHARACTER SET utf8mb4 COLLATE utf8mb4_general_ci DEFAULT NULL,
  `post_id` longtext,
  `item_id` longtext,
  `profile_id` char(100) DEFAULT NULL,
  `role_id` char(100) DEFAULT NULL,
  `created_at` timestamp NOT NULL DEFAULT CURRENT_TIMESTAMP,
  `updated_at` timestamp NULL DEFAULT NULL ON UPDATE CURRENT_TIMESTAMP,
  PRIMARY KEY (`id`),
  UNIQUE KEY `email` (`email`),
  UNIQUE KEY `phoneNumber` (`phoneNumber`),
  UNIQUE KEY `username` (`username`)
) ENGINE=InnoDB DEFAULT CHARSET=utf8mb4 COLLATE=utf8mb4_0900_ai_ci;
/*!40101 SET character_set_client = @saved_cs_client */;

--
-- Dumping data for table `accounts`
--

LOCK TABLES `accounts` WRITE;
/*!40000 ALTER TABLE `accounts` DISABLE KEYS */;
INSERT INTO `accounts` VALUES (0,'00217ef0-451f-11eb-b639-09bd4e7b1a84','Tester','Male','@testing','12/26/1996','9624451035','p@g.co','$2b$10$ohsXhDkPQjVx/r0vhZHwAOPIFfsl.MR/C9mBa1kqAbjoQ0xaedqjq','1608728501427',974782,1,'dOIbq4doSXWhmvSTGL7l9e:APA91bHxJjrreZMBA-bjAsf0RjOTOH5ZKf8jS4waRDoAXXZ8HYCT6md--Z1xfh5akwRKrl3DfYCLcLJwJ1NlUDjjrNBUbLRdcgyzcWrbp4bdK7-qsRBnpxG1bPe3pcPgdNo_zj4BI0YO','d4260450-3398-4e01-a68a-4aa957f1faf7,30fc84a4-fb47-4742-850b-d6e6dd20463f,9cc55d6e-f928-48e3-ab11-439b2cb367f4,bd918946-8974-4b98-bce4-50d613b71409,dce7f20c-dea4-4063-bbb8-007cdf359df5,c78470df-a91a-4769-a2b6-8c87d9594ca6','6bcb3dc1-1b1e-490f-ae3b-d6fdd79cdd79,48a2eed0-bd53-4a7d-bfdb-48aeb0e094a6','default','3a8d1f9a-0b1d-4241-9db9-a23c11816591','2020-12-23 13:01:41','2021-02-09 10:29:48'),(1,'03801490-6ac1-11eb-9226-0b03fa009f37','','',NULL,'','962431523','p@rentechdigital.com','$2b$15$Q94jztpKDZuFCGqYKbEsQujd2LXZBgjIqqZsUS4MWLpopszD0lDgm','1612866281139',338608,0,NULL,NULL,NULL,NULL,'3a8d1f9a-0b1d-4241-9db9-a23c11816591','2021-02-09 10:24:41','2021-02-09 10:24:41'),(1,'0ca49090-679d-11eb-bff3-41e1204f4c99','Yagnik Kantaria','Male','yagnik.k.k.','02/04/1991','2585697745','hhkk@gmail.com','$2b$15$0T26BVhzxQaLU0e50X71feJIoY6hIqwNEoGwR4nNeRBAmzRxTG83W','1612520981127',952786,1,NULL,NULL,NULL,NULL,'548c176a-75c8-47c7-bdf7-df5fcbd43873','2021-02-05 10:29:41','2021-02-05 10:52:52'),(1,'0f685760-6790-11eb-a4ac-a7771a50da8e','yagnik','Male','yagz_','02/01/1995','54876349258','yagnikkat@yahoo.com','$2b$15$YDppaevQQoAltgNgmUvJz.ybGsyb6svThgGetZB8oejaK4a3/58n6','1612515402297',447777,1,'edW2j58NQMOJsTUVGWJmhP:APA91bFsDMh3en3KLYQL3VnVDXVnCjxTHSrVc0dhmUAON2VRTZ3h3lFjDyfIEMz1KVK1w6HOvbQ9thoyEUEtMwA3z2bQ5GfXwF-Yi96pzsFbR5Is5blfYEWGTDNWSpD4N8W1aoq5x2pE','15262deb-31b4-40d7-97a2-71902cc75518,89e9b670-eba0-4a0c-8e51-85e4b483f38d,99e389a2-fae9-4cec-ae7b-c78f77be2e0b,ce798ae3-b9b6-47be-a90b-3a234ec90b0a,30fc84a4-fb47-4742-850b-d6e6dd20463f,dce7f20c-dea4-4063-bbb8-007cdf359df5,d4260450-3398-4e01-a68a-4aa957f1faf7,9cc55d6e-f928-48e3-ab11-439b2cb367f4','c6a9ed8c-0b3b-4b19-bf18-2b5d6dd56d2b,699dc46f-be57-4b91-a386-cc46700939b4','default','3a8d1f9a-0b1d-4241-9db9-a23c11816591','2021-02-05 08:56:42','2021-02-10 08:58:38'),(1,'13b73dc0-4523-11eb-b639-09bd4e7b1a84','Siddharth','Male','Siddharth_','12/27/1996','111111','yagnikk@gmail.com','$2b$10$DUBjAUWEbuuqU3KyDk9oL.LyC1OqmsCTRF.OR0gYirojrCCBJdZpy','1608730252271',892578,1,'dOIbq4doSXWhmvSTGL7l9e:APA91bHxJjrreZMBA-bjAsf0RjOTOH5ZKf8jS4waRDoAXXZ8HYCT6md--Z1xfh5akwRKrl3DfYCLcLJwJ1NlUDjjrNBUbLRdcgyzcWrbp4bdK7-qsRBnpxG1bPe3pcPgdNo_zj4BI0YO',NULL,NULL,'default','3a8d1f9a-0b1d-4241-9db9-a23c11816591','2020-12-23 13:30:52','2021-02-04 13:05:59'),(1,'1570b390-49c3-11eb-8d23-31aea24589cd','','',NULL,'','9999999999','nobelive298@gmail.com','$2b$10$VtGzX8cVXqIwWWoiDQVT0.DAUBaUjXBYOEbjIaoB6WPqjhGvMuLAS','1609238779292',430805,1,'dOIbq4doSXWhmvSTGL7l9e:APA91bHxJjrreZMBA-bjAsf0RjOTOH5ZKf8jS4waRDoAXXZ8HYCT6md--Z1xfh5akwRKrl3DfYCLcLJwJ1NlUDjjrNBUbLRdcgyzcWrbp4bdK7-qsRBnpxG1bPe3pcPgdNo_zj4BI0YO',NULL,NULL,'default','3a8d1f9a-0b1d-4241-9db9-a23c11816591','2020-12-29 10:46:19','2021-02-04 13:05:59'),(1,'180101490560612','Yagnik Kantariya','Male','yhk_','01/10/1996',NULL,'yagnik.rentechdigital@gmail.com','','0',NULL,0,'dOIbq4doSXWhmvSTGL7l9e:APA91bHxJjrreZMBA-bjAsf0RjOTOH5ZKf8jS4waRDoAXXZ8HYCT6md--Z1xfh5akwRKrl3DfYCLcLJwJ1NlUDjjrNBUbLRdcgyzcWrbp4bdK7-qsRBnpxG1bPe3pcPgdNo_zj4BI0YO',NULL,NULL,'default','548c176a-75c8-47c7-bdf7-df5fcbd43873','2021-01-06 08:46:17','2021-02-04 13:05:59'),(1,'255ab890-451e-11eb-b639-09bd4e7b1a84','Yagnik','Male','yagnik_','12/31/1996','9966885533','yagnik@gmail.com','$2b$10$ZD6andBZZW5k2cQeawCSc.WWZ/7fdxLbTtU9cvZqIjlA6vJovikXy','1608728134385',232042,1,'dOIbq4doSXWhmvSTGL7l9e:APA91bHxJjrreZMBA-bjAsf0RjOTOH5ZKf8jS4waRDoAXXZ8HYCT6md--Z1xfh5akwRKrl3DfYCLcLJwJ1NlUDjjrNBUbLRdcgyzcWrbp4bdK7-qsRBnpxG1bPe3pcPgdNo_zj4BI0YO','f3d02c0b-64fe-49f7-bbba-174f0b1f388a,d4260450-3398-4e01-a68a-4aa957f1faf7','161aaad7-84d9-4e56-8d58-ec26cd666f5c','default','548c176a-75c8-47c7-bdf7-df5fcbd43873','2020-12-23 12:55:34','2021-02-04 13:05:59'),(1,'3504759192903126','Yagnik Kantaria','Male','yagnik_hk_','02/28/1992',NULL,'yagnikkat@gmail.com','','0',NULL,0,'dOIbq4doSXWhmvSTGL7l9e:APA91bHxJjrreZMBA-bjAsf0RjOTOH5ZKf8jS4waRDoAXXZ8HYCT6md--Z1xfh5akwRKrl3DfYCLcLJwJ1NlUDjjrNBUbLRdcgyzcWrbp4bdK7-qsRBnpxG1bPe3pcPgdNo_zj4BI0YO',NULL,NULL,'default','548c176a-75c8-47c7-bdf7-df5fcbd43873','2021-01-29 10:59:46','2021-02-05 13:05:01'),(1,'5d8f85c0-49b4-11eb-9ec1-d5d79c7b07b0','P','Male','@pdb','12/06/1999','54231687','p@g.com','$2b$10$xbvOQFmwCnAZDz6FkkJ5QeNrZ29MAYnHS.BFDmtldGgvfoSFj4yFC','1609232457839',214624,1,'dOIbq4doSXWhmvSTGL7l9e:APA91bHxJjrreZMBA-bjAsf0RjOTOH5ZKf8jS4waRDoAXXZ8HYCT6md--Z1xfh5akwRKrl3DfYCLcLJwJ1NlUDjjrNBUbLRdcgyzcWrbp4bdK7-qsRBnpxG1bPe3pcPgdNo_zj4BI0YO',NULL,'699dc46f-be57-4b91-a386-cc46700939b4','default','3a8d1f9a-0b1d-4241-9db9-a23c11816591','2020-12-29 09:00:57','2021-02-05 10:21:21'),(1,'6a560870-66e1-11eb-aab6-0d08e1cc275e','ramesh luhar','Male','rishi_124812.','02/14/1985','79999999','rishi.luhar12@gmail.com','$2b$10$EU0AQE6HssixFtADBDrJq.zqbLFA08QdAOSHllCFTbnRPd9zz9YdC','1612440390348',936363,1,'dOIbq4doSXWhmvSTGL7l9e:APA91bHxJjrreZMBA-bjAsf0RjOTOH5ZKf8jS4waRDoAXXZ8HYCT6md--Z1xfh5akwRKrl3DfYCLcLJwJ1NlUDjjrNBUbLRdcgyzcWrbp4bdK7-qsRBnpxG1bPe3pcPgdNo_zj4BI0YO',NULL,NULL,'default','548c176a-75c8-47c7-bdf7-df5fcbd43873','2021-02-04 12:06:30','2021-02-05 05:50:10'),(1,'73e1fdb0-677f-11eb-895a-5f43b36581ac','ramesh luhar','Male','ramesh_','02/24/1989','25468796436','rameshbhai@gmail.com','$2b$15$Kjc/e7CmEKZugFJ21EIcrul7gBZWVswW0uMMQSaGva7EDFGODmrCW','1612508269419',740730,1,'czd9_AFiQGW1CbCjPx-mxR:APA91bFWryt4NaGm-ijZKEJyLKKS9vLAmIDf8yF4fjlLFVrmkUFSwQsyrALbFUN9BHd69iAdzF4WML5e4ZkgRnzVw3K6b0L9LZL1dLEygTBTMlEiz9BQSDZlJD-3T3_7zqDOopCGF5Qu',NULL,NULL,'default','548c176a-75c8-47c7-bdf7-df5fcbd43873','2021-02-05 06:57:49','2021-02-05 10:21:21'),(1,'80802e20-4ec5-11eb-9adb-abc6087f97dd','Aman Sanghvi','Male','Aman sanghvi','12/14/1994','7666859511','pcmpapdp@gmail.com','$2b$10$fxFtRDC8zlWuNBB77UkNXuNcZfG1UIpAZvJtGd145MHMMUC.Jxk.e','1609789573717',494850,1,'dOIbq4doSXWhmvSTGL7l9e:APA91bHxJjrreZMBA-bjAsf0RjOTOH5ZKf8jS4waRDoAXXZ8HYCT6md--Z1xfh5akwRKrl3DfYCLcLJwJ1NlUDjjrNBUbLRdcgyzcWrbp4bdK7-qsRBnpxG1bPe3pcPgdNo_zj4BI0YO','d4260450-3398-4e01-a68a-4aa957f1faf7',NULL,'e83e5e1a-ca5d-4c64-984e-2821a6100d06','548c176a-75c8-47c7-bdf7-df5fcbd43873','2021-01-04 19:46:13','2021-02-09 06:45:37'),(0,'83f9b0f0-6791-11eb-8fcb-f76ed9a4c980','Yagnikddhddh','Male','yagnik.k_dhdhd','02/15/1995','646646499551','yagnik.k@gmail.com','$2b$15$/REL6J7ssgKccE.oTENP0OuBRz76jg7mwQPMZPyBDkwXkQfzi9UVO','1612516027359',633820,1,'dA5fodfiSDqkkx_nq4j6Su:APA91bHmgAIGVM4SZNbSVcnrqYGcz80SN871I1JolZ0iDkZSfsHbNUAvpWYaCghdBxFZsEnX12TLiGbTc_jtm1u-H0cEah0uj94NV4q6oYLE5jYlhLqM12Q2DavvqvWNAJhrDCJoMJVI',NULL,NULL,'7bb8cd7e-03ec-4702-bd7e-9bd3414ffd18','3a8d1f9a-0b1d-4241-9db9-a23c11816591','2021-02-05 09:07:07','2021-02-08 04:44:15'),(1,'928460e0-6609-11eb-acfb-1b72a3356695','yhk','Male','yagnik..','02/01/1996','2255887744','yk@gmail.com','$2b$10$2/69NuMZfnk/IwvS0VJVNusXTl0t97..RdufAHD8JBiYjA91SZ6Re','1612347686467',379140,1,'dOIbq4doSXWhmvSTGL7l9e:APA91bHxJjrreZMBA-bjAsf0RjOTOH5ZKf8jS4waRDoAXXZ8HYCT6md--Z1xfh5akwRKrl3DfYCLcLJwJ1NlUDjjrNBUbLRdcgyzcWrbp4bdK7-qsRBnpxG1bPe3pcPgdNo_zj4BI0YO',NULL,NULL,'default','3a8d1f9a-0b1d-4241-9db9-a23c11816591','2021-02-03 10:21:26','2021-02-05 10:21:21'),(1,'999d7600-66d6-11eb-85f5-15e97fed9ecf','','',NULL,'','7990637611','rishi1248@gmail.com','$2b$10$bGJgwTLDx5B3Ya7szm.yZeVJAAg2fekerqc0KsdqDX.uVIKWj3h9G','1612435745203',712700,1,'dOIbq4doSXWhmvSTGL7l9e:APA91bHxJjrreZMBA-bjAsf0RjOTOH5ZKf8jS4waRDoAXXZ8HYCT6md--Z1xfh5akwRKrl3DfYCLcLJwJ1NlUDjjrNBUbLRdcgyzcWrbp4bdK7-qsRBnpxG1bPe3pcPgdNo_zj4BI0YO',NULL,NULL,'default','548c176a-75c8-47c7-bdf7-df5fcbd43873','2021-02-04 10:49:05','2021-02-05 05:50:10'),(1,'a458bd70-5010-11eb-9744-43c4ef5adc55','Yagnik','Male','yhk.','01/26/1996','3692584455','yhk@gmail.com','$2b$10$XexD9KAnMA5yle6QP3SJ4uShiGYSgHj02DQ8APY0lr2U2ABxixvGa','1609931797274',108786,1,'dOIbq4doSXWhmvSTGL7l9e:APA91bHxJjrreZMBA-bjAsf0RjOTOH5ZKf8jS4waRDoAXXZ8HYCT6md--Z1xfh5akwRKrl3DfYCLcLJwJ1NlUDjjrNBUbLRdcgyzcWrbp4bdK7-qsRBnpxG1bPe3pcPgdNo_zj4BI0YO','9cc55d6e-f928-48e3-ab11-439b2cb367f4,c78470df-a91a-4769-a2b6-8c87d9594ca6,bd918946-8974-4b98-bce4-50d613b71409,6bb64a6a-be23-4280-97c5-313b0022122d,15262deb-31b4-40d7-97a2-71902cc75518,bb0a9dce-4c7b-4a1c-95df-93a0482471ef,296394ed-ca9a-4711-93f6-d2e9f0066fb9,950e3b0a-e3fb-49a5-979e-1941e92ca0cb,f3d02c0b-64fe-49f7-bbba-174f0b1f388a','0064da8a-9751-4fb9-8717-89dee87a2125','default','548c176a-75c8-47c7-bdf7-df5fcbd43873','2021-01-06 11:16:37','2021-02-05 04:58:30'),(1,'cd340380-49ad-11eb-9a3c-fbf6dd4a6c8d','A','Male','@abc','12/02/1996','123456789','a@g.co','$2b$10$MPZPJfNd.MIO.fQ9DhiACeaA1KJEfReKinvVadMtWYq73rATFbc2.','1609229638668',205474,1,'dOIbq4doSXWhmvSTGL7l9e:APA91bHxJjrreZMBA-bjAsf0RjOTOH5ZKf8jS4waRDoAXXZ8HYCT6md--Z1xfh5akwRKrl3DfYCLcLJwJ1NlUDjjrNBUbLRdcgyzcWrbp4bdK7-qsRBnpxG1bPe3pcPgdNo_zj4BI0YO',NULL,NULL,'default','548c176a-75c8-47c7-bdf7-df5fcbd43873','2020-12-29 08:13:58','2021-02-04 13:05:59'),(1,'dcee4750-6775-11eb-8fc9-072477a80b98','Yagnik hk','Male','yag__','02/26/1993','3658742599','ykk@gmail.com','$2b$15$B4jfwm9afd8ab7cmzZsZkOXbdQdPk9sb5Zfy7V/kO02efOEW8b/1u','1612504150692',862141,1,'dOIbq4doSXWhmvSTGL7l9e:APA91bHxJjrreZMBA-bjAsf0RjOTOH5ZKf8jS4waRDoAXXZ8HYCT6md--Z1xfh5akwRKrl3DfYCLcLJwJ1NlUDjjrNBUbLRdcgyzcWrbp4bdK7-qsRBnpxG1bPe3pcPgdNo_zj4BI0YO','d4260450-3398-4e01-a68a-4aa957f1faf7,30fc84a4-fb47-4742-850b-d6e6dd20463f,c78470df-a91a-4769-a2b6-8c87d9594ca6',NULL,'default','3a8d1f9a-0b1d-4241-9db9-a23c11816591','2021-02-05 05:49:10','2021-02-05 07:11:42'),(1,'f2228860-655f-11eb-b26b-5b396427cbf2','','',NULL,'','982444462424','gohilgautam298@gmail.com','$2b$10$sJ.F/i5XSxtep3YXndMHj.G9DdqBhETsHSg3Q4PKJWJu1/K1n0vbG','1612274832446',127869,1,'dOIbq4doSXWhmvSTGL7l9e:APA91bHxJjrreZMBA-bjAsf0RjOTOH5ZKf8jS4waRDoAXXZ8HYCT6md--Z1xfh5akwRKrl3DfYCLcLJwJ1NlUDjjrNBUbLRdcgyzcWrbp4bdK7-qsRBnpxG1bPe3pcPgdNo_zj4BI0YO',NULL,NULL,'default','3a8d1f9a-0b1d-4241-9db9-a23c11816591','2021-02-02 14:07:12','2021-02-04 13:05:59'),(0,'ffb7e0c0-4bfa-11eb-a64a-dff9590c10e8','Parthiv','male','@admin','12/21/85','9194451005','parth5097@gmail.com','$2b$10$qId9jVMyODJvUqbRSYk21OQTOmLRJdZ0EfI9pWu0g4aG4mxeHtIPK','1609482696991',147996,1,'abc',NULL,NULL,'default','bf3cd410-8d26-4627-86fa-6ebd0c8cade6','2021-01-01 06:31:36','2021-02-10 05:22:46'),(1,'QxKx1vyph9fj2amV6gcilD40ZZ82','Yagnik Katariya','Male','Yagnik.','01/10/1996',NULL,'yagnikkatariya96@gmail.com','','0',NULL,0,'dOIbq4doSXWhmvSTGL7l9e:APA91bHxJjrreZMBA-bjAsf0RjOTOH5ZKf8jS4waRDoAXXZ8HYCT6md--Z1xfh5akwRKrl3DfYCLcLJwJ1NlUDjjrNBUbLRdcgyzcWrbp4bdK7-qsRBnpxG1bPe3pcPgdNo_zj4BI0YO',NULL,NULL,'default','548c176a-75c8-47c7-bdf7-df5fcbd43873','2021-01-06 10:33:11','2021-02-05 10:21:21'),(1,'tVrlWwLNaQcCk7naQBiHVrzZUal2','Tester RentechDigital','Male','Tester.rentech.','01/17/1996',NULL,'tester.rentechdigital@gmail.com','','0',NULL,0,'dOIbq4doSXWhmvSTGL7l9e:APA91bHxJjrreZMBA-bjAsf0RjOTOH5ZKf8jS4waRDoAXXZ8HYCT6md--Z1xfh5akwRKrl3DfYCLcLJwJ1NlUDjjrNBUbLRdcgyzcWrbp4bdK7-qsRBnpxG1bPe3pcPgdNo_zj4BI0YO',NULL,'','default','548c176a-75c8-47c7-bdf7-df5fcbd43873','2021-01-06 10:21:37','2021-02-04 13:05:59');
/*!40000 ALTER TABLE `accounts` ENABLE KEYS */;
UNLOCK TABLES;

--
-- Table structure for table `brand`
--

DROP TABLE IF EXISTS `brand`;
/*!40101 SET @saved_cs_client     = @@character_set_client */;
/*!50503 SET character_set_client = utf8mb4 */;
CREATE TABLE `brand` (
  `id` int NOT NULL AUTO_INCREMENT,
  `name` char(50) DEFAULT NULL,
  `img` text NOT NULL,
  PRIMARY KEY (`id`),
  UNIQUE KEY `name` (`name`)
) ENGINE=InnoDB AUTO_INCREMENT=7 DEFAULT CHARSET=utf8mb4 COLLATE=utf8mb4_0900_ai_ci;
/*!40101 SET character_set_client = @saved_cs_client */;

--
-- Dumping data for table `brand`
--

LOCK TABLES `brand` WRITE;
/*!40000 ALTER TABLE `brand` DISABLE KEYS */;
INSERT INTO `brand` VALUES (1,'zara_1','/upload_images/brand/default.png'),(2,'zara_2','/upload_images/brand/default.png'),(3,'zara_3','/upload_images/brand/default.png'),(4,'zara_4','/upload_images/brand/default.png'),(5,'zara_5','/upload_images/brand/default.png'),(6,'zara_6','/upload_images/brand/default.png');
/*!40000 ALTER TABLE `brand` ENABLE KEYS */;
UNLOCK TABLES;

--
-- Table structure for table `category`
--

DROP TABLE IF EXISTS `category`;
/*!40101 SET @saved_cs_client     = @@character_set_client */;
/*!50503 SET character_set_client = utf8mb4 */;
CREATE TABLE `category` (
  `id` int NOT NULL AUTO_INCREMENT,
  `parent_id` char(100) DEFAULT NULL,
  `name` char(50) DEFAULT NULL,
  `img` text NOT NULL,
  PRIMARY KEY (`id`),
  UNIQUE KEY `name` (`name`)
) ENGINE=InnoDB AUTO_INCREMENT=9 DEFAULT CHARSET=utf8mb4 COLLATE=utf8mb4_0900_ai_ci;
/*!40101 SET character_set_client = @saved_cs_client */;

--
-- Dumping data for table `category`
--

LOCK TABLES `category` WRITE;
/*!40000 ALTER TABLE `category` DISABLE KEYS */;
INSERT INTO `category` VALUES (1,NULL,'cat_1','/upload_images/category/848692875359_mustache-hair-salon-symbol.png'),(2,NULL,'cat_2','/upload_images/category/848692875359_mustache-hair-salon-symbol.png'),(3,NULL,'cat_3','/upload_images/category/848692875359_mustache-hair-salon-symbol.png'),(4,NULL,'cat_4','/upload_images/category/848692875359_mustache-hair-salon-symbol.png'),(5,NULL,'cat_5','/upload_images/category/848692875359_mustache-hair-salon-symbol.png'),(6,NULL,'cat_6','/upload_images/category/848692875359_mustache-hair-salon-symbol.png'),(7,NULL,'Jeans','/upload_images/category/183590721243_ef37954d-c440-4844-b410-7c9c58d3cff41555927489248-HERENOW-Men-Blue-Slim-Fit-Cropped-Mid-Rise-Slash-Knee-Stretc-1.webp'),(8,NULL,'Shirts','/upload_images/category/931502439483_T11_0595K_E3_IS.jpeg');
/*!40000 ALTER TABLE `category` ENABLE KEYS */;
UNLOCK TABLES;

--
-- Table structure for table `collection`
--

DROP TABLE IF EXISTS `collection`;
/*!40101 SET @saved_cs_client     = @@character_set_client */;
/*!50503 SET character_set_client = utf8mb4 */;
CREATE TABLE `collection` (
  `id` int NOT NULL AUTO_INCREMENT,
  `user_id` char(50) NOT NULL,
  `col_name` char(100) DEFAULT NULL,
  `data` text,
  `timestamp` timestamp NOT NULL DEFAULT CURRENT_TIMESTAMP,
  PRIMARY KEY (`id`)
) ENGINE=InnoDB AUTO_INCREMENT=196 DEFAULT CHARSET=utf8mb4 COLLATE=utf8mb4_0900_ai_ci;
/*!40101 SET character_set_client = @saved_cs_client */;

--
-- Dumping data for table `collection`
--

LOCK TABLES `collection` WRITE;
/*!40000 ALTER TABLE `collection` DISABLE KEYS */;
INSERT INTO `collection` VALUES (19,'255ab890-451e-11eb-b639-09bd4e7b1a84','collection_2','296394ed-ca9a-4711-93f6-d2e9f0066fb9','2020-12-31 11:09:54'),(20,'255ab890-451e-11eb-b639-09bd4e7b1a84','collection_1','296394ed-ca9a-4711-93f6-d2e9f0066fb9','2020-12-31 11:12:05'),(21,'255ab890-451e-11eb-b639-09bd4e7b1a84','First','d4260450-3398-4e01-a68a-4aa957f1faf7,30fc84a4-fb47-4742-850b-d6e6dd20463f','2020-12-31 11:15:14'),(22,'255ab890-451e-11eb-b639-09bd4e7b1a84','collection1','296394ed-ca9a-4711-93f6-d2e9f0066fb9','2020-12-31 11:22:35'),(23,'255ab890-451e-11eb-b639-09bd4e7b1a84','collection1','30fc84a4-fb47-4742-850b-d6e6dd20463f','2020-12-31 11:23:42'),(24,'255ab890-451e-11eb-b639-09bd4e7b1a84','second','d4260450-3398-4e01-a68a-4aa957f1faf7,30fc84a4-fb47-4742-850b-d6e6dd20463f','2020-12-31 12:17:19'),(25,'a458bd70-5010-11eb-9744-43c4ef5adc55','All Posts','296394ed-ca9a-4711-93f6-d2e9f0066fb9','2021-01-18 06:08:43'),(26,'a458bd70-5010-11eb-9744-43c4ef5adc55','All Posts','296394ed-ca9a-4711-93f6-d2e9f0066fb9','2021-01-18 06:09:14'),(27,'a458bd70-5010-11eb-9744-43c4ef5adc55','All Posts','296394ed-ca9a-4711-93f6-d2e9f0066fb9','2021-01-18 06:09:50'),(28,'a458bd70-5010-11eb-9744-43c4ef5adc55','All Posts','296394ed-ca9a-4711-93f6-d2e9f0066fb9','2021-01-18 06:10:03'),(29,'a458bd70-5010-11eb-9744-43c4ef5adc55','All Posts','296394ed-ca9a-4711-93f6-d2e9f0066fb9','2021-01-18 06:16:01'),(30,'a458bd70-5010-11eb-9744-43c4ef5adc55','All Posts','296394ed-ca9a-4711-93f6-d2e9f0066fb9','2021-01-18 06:18:22'),(31,'a458bd70-5010-11eb-9744-43c4ef5adc55','All Posts','296394ed-ca9a-4711-93f6-d2e9f0066fb9','2021-01-18 06:18:49'),(32,'a458bd70-5010-11eb-9744-43c4ef5adc55','All Posts','296394ed-ca9a-4711-93f6-d2e9f0066fb9','2021-01-18 06:18:50'),(33,'a458bd70-5010-11eb-9744-43c4ef5adc55','All Posts','296394ed-ca9a-4711-93f6-d2e9f0066fb9','2021-01-18 06:19:17'),(34,'a458bd70-5010-11eb-9744-43c4ef5adc55','All Posts','296394ed-ca9a-4711-93f6-d2e9f0066fb9','2021-01-18 06:19:18'),(35,'a458bd70-5010-11eb-9744-43c4ef5adc55','All Posts','296394ed-ca9a-4711-93f6-d2e9f0066fb9','2021-01-18 06:21:41'),(36,'a458bd70-5010-11eb-9744-43c4ef5adc55','All Posts','296394ed-ca9a-4711-93f6-d2e9f0066fb9','2021-01-18 06:22:09'),(37,'a458bd70-5010-11eb-9744-43c4ef5adc55','All Posts','296394ed-ca9a-4711-93f6-d2e9f0066fb9','2021-01-18 06:22:45'),(38,'a458bd70-5010-11eb-9744-43c4ef5adc55','All Posts','296394ed-ca9a-4711-93f6-d2e9f0066fb9','2021-01-18 06:23:22'),(39,'a458bd70-5010-11eb-9744-43c4ef5adc55','All Posts','296394ed-ca9a-4711-93f6-d2e9f0066fb9','2021-01-18 06:23:48'),(40,'a458bd70-5010-11eb-9744-43c4ef5adc55','All Posts','296394ed-ca9a-4711-93f6-d2e9f0066fb9','2021-01-18 06:31:29'),(41,'ffb7e0c0-4bfa-11eb-a64a-dff9590c10e8','collect1','30fc84a4-fb47-4742-850b-d6e6dd20463f','2021-01-18 06:37:25'),(42,'ffb7e0c0-4bfa-11eb-a64a-dff9590c10e8','collect1','30fc84a4-fb47-4742-850b-d6e6dd20463f','2021-01-18 06:37:27'),(43,'ffb7e0c0-4bfa-11eb-a64a-dff9590c10e8','collect1','30fc84a4-fb47-4742-850b-d6e6dd20463f','2021-01-18 06:37:28'),(44,'ffb7e0c0-4bfa-11eb-a64a-dff9590c10e8','collect1','30fc84a4-fb47-4742-850b-d6e6dd20463f','2021-01-18 06:37:28'),(45,'ffb7e0c0-4bfa-11eb-a64a-dff9590c10e8','collect1','30fc84a4-fb47-4742-850b-d6e6dd20463f','2021-01-18 06:37:29'),(46,'ffb7e0c0-4bfa-11eb-a64a-dff9590c10e8','collect1','30fc84a4-fb47-4742-850b-d6e6dd20463f','2021-01-18 06:37:29'),(47,'a458bd70-5010-11eb-9744-43c4ef5adc55','All Posts','296394ed-ca9a-4711-93f6-d2e9f0066fb9','2021-01-18 06:40:00'),(48,'a458bd70-5010-11eb-9744-43c4ef5adc55','All Posts','296394ed-ca9a-4711-93f6-d2e9f0066fb9','2021-01-18 06:40:21'),(49,'a458bd70-5010-11eb-9744-43c4ef5adc55','All Posts','296394ed-ca9a-4711-93f6-d2e9f0066fb9','2021-01-18 06:40:52'),(50,'a458bd70-5010-11eb-9744-43c4ef5adc55','All Posts','296394ed-ca9a-4711-93f6-d2e9f0066fb9','2021-01-18 06:41:10'),(51,'a458bd70-5010-11eb-9744-43c4ef5adc55','All Posts','296394ed-ca9a-4711-93f6-d2e9f0066fb9','2021-01-18 06:41:21'),(52,'a458bd70-5010-11eb-9744-43c4ef5adc55','All Posts','296394ed-ca9a-4711-93f6-d2e9f0066fb9','2021-01-18 06:44:33'),(53,'a458bd70-5010-11eb-9744-43c4ef5adc55','All Posts','296394ed-ca9a-4711-93f6-d2e9f0066fb9','2021-01-18 06:44:51'),(54,'a458bd70-5010-11eb-9744-43c4ef5adc55','All Posts','296394ed-ca9a-4711-93f6-d2e9f0066fb9','2021-01-18 06:45:30'),(55,'a458bd70-5010-11eb-9744-43c4ef5adc55','All Posts','296394ed-ca9a-4711-93f6-d2e9f0066fb9','2021-01-18 06:46:00'),(56,'a458bd70-5010-11eb-9744-43c4ef5adc55','All Posts','296394ed-ca9a-4711-93f6-d2e9f0066fb9','2021-01-18 06:46:01'),(57,'a458bd70-5010-11eb-9744-43c4ef5adc55','All Posts','296394ed-ca9a-4711-93f6-d2e9f0066fb9','2021-01-18 06:46:49'),(58,'a458bd70-5010-11eb-9744-43c4ef5adc55','All Posts','296394ed-ca9a-4711-93f6-d2e9f0066fb9','2021-01-18 06:48:33'),(59,'a458bd70-5010-11eb-9744-43c4ef5adc55','All Posts','296394ed-ca9a-4711-93f6-d2e9f0066fb9','2021-01-18 06:52:03'),(60,'a458bd70-5010-11eb-9744-43c4ef5adc55','All Posts','296394ed-ca9a-4711-93f6-d2e9f0066fb9','2021-01-18 06:52:04'),(61,'a458bd70-5010-11eb-9744-43c4ef5adc55','All Posts','296394ed-ca9a-4711-93f6-d2e9f0066fb9','2021-01-18 06:53:07'),(62,'a458bd70-5010-11eb-9744-43c4ef5adc55','All Posts','296394ed-ca9a-4711-93f6-d2e9f0066fb9','2021-01-18 06:54:54'),(63,'a458bd70-5010-11eb-9744-43c4ef5adc55','All Posts','296394ed-ca9a-4711-93f6-d2e9f0066fb9','2021-01-18 06:57:52'),(64,'a458bd70-5010-11eb-9744-43c4ef5adc55','All Posts','296394ed-ca9a-4711-93f6-d2e9f0066fb9','2021-01-18 06:57:59'),(65,'a458bd70-5010-11eb-9744-43c4ef5adc55','All Posts','296394ed-ca9a-4711-93f6-d2e9f0066fb9','2021-01-18 07:25:44'),(66,'a458bd70-5010-11eb-9744-43c4ef5adc55','All Posts','296394ed-ca9a-4711-93f6-d2e9f0066fb9','2021-01-18 07:30:29'),(67,'a458bd70-5010-11eb-9744-43c4ef5adc55','All Posts','296394ed-ca9a-4711-93f6-d2e9f0066fb9','2021-01-18 08:26:05'),(68,'a458bd70-5010-11eb-9744-43c4ef5adc55','All Posts','296394ed-ca9a-4711-93f6-d2e9f0066fb9','2021-01-18 08:26:38'),(69,'a458bd70-5010-11eb-9744-43c4ef5adc55','All Posts','296394ed-ca9a-4711-93f6-d2e9f0066fb9','2021-01-18 08:26:44'),(70,'a458bd70-5010-11eb-9744-43c4ef5adc55','All Posts','296394ed-ca9a-4711-93f6-d2e9f0066fb9','2021-01-18 08:27:08'),(71,'a458bd70-5010-11eb-9744-43c4ef5adc55','All Posts','296394ed-ca9a-4711-93f6-d2e9f0066fb9','2021-01-18 08:27:09'),(72,'a458bd70-5010-11eb-9744-43c4ef5adc55','All Posts','296394ed-ca9a-4711-93f6-d2e9f0066fb9','2021-01-18 08:27:12'),(73,'a458bd70-5010-11eb-9744-43c4ef5adc55','All Posts','296394ed-ca9a-4711-93f6-d2e9f0066fb9','2021-01-18 08:27:13'),(74,'a458bd70-5010-11eb-9744-43c4ef5adc55','All Posts','296394ed-ca9a-4711-93f6-d2e9f0066fb9','2021-01-18 08:36:28'),(75,'a458bd70-5010-11eb-9744-43c4ef5adc55','All Posts','296394ed-ca9a-4711-93f6-d2e9f0066fb9','2021-01-18 08:36:33'),(76,'a458bd70-5010-11eb-9744-43c4ef5adc55','All Posts','296394ed-ca9a-4711-93f6-d2e9f0066fb9','2021-01-18 08:39:23'),(77,'a458bd70-5010-11eb-9744-43c4ef5adc55','All Posts','296394ed-ca9a-4711-93f6-d2e9f0066fb9','2021-01-18 08:39:24'),(78,'a458bd70-5010-11eb-9744-43c4ef5adc55','demo','06c17c33-5625-4e47-95fd-d4aedbf96f36','2021-01-18 08:39:36'),(79,'a458bd70-5010-11eb-9744-43c4ef5adc55','All Posts','296394ed-ca9a-4711-93f6-d2e9f0066fb9','2021-01-18 08:39:44'),(80,'a458bd70-5010-11eb-9744-43c4ef5adc55','hello','bb0a9dce-4c7b-4a1c-95df-93a0482471ef','2021-01-18 08:40:14'),(81,'a458bd70-5010-11eb-9744-43c4ef5adc55','All Posts','296394ed-ca9a-4711-93f6-d2e9f0066fb9','2021-01-18 08:40:45'),(82,'a458bd70-5010-11eb-9744-43c4ef5adc55','All Posts','296394ed-ca9a-4711-93f6-d2e9f0066fb9','2021-01-18 08:49:15'),(83,'a458bd70-5010-11eb-9744-43c4ef5adc55','All Posts','296394ed-ca9a-4711-93f6-d2e9f0066fb9','2021-01-18 08:51:47'),(84,'a458bd70-5010-11eb-9744-43c4ef5adc55','All Posts','296394ed-ca9a-4711-93f6-d2e9f0066fb9','2021-01-18 08:55:18'),(85,'a458bd70-5010-11eb-9744-43c4ef5adc55','All Posts','296394ed-ca9a-4711-93f6-d2e9f0066fb9','2021-01-18 08:59:48'),(86,'a458bd70-5010-11eb-9744-43c4ef5adc55','All Posts','296394ed-ca9a-4711-93f6-d2e9f0066fb9','2021-01-18 09:09:00'),(87,'a458bd70-5010-11eb-9744-43c4ef5adc55','demo','06c17c33-5625-4e47-95fd-d4aedbf96f36','2021-01-18 09:10:57'),(88,'a458bd70-5010-11eb-9744-43c4ef5adc55','All Posts','296394ed-ca9a-4711-93f6-d2e9f0066fb9','2021-01-18 09:11:21'),(89,'a458bd70-5010-11eb-9744-43c4ef5adc55','All Posts','296394ed-ca9a-4711-93f6-d2e9f0066fb9','2021-01-18 09:13:44'),(90,'a458bd70-5010-11eb-9744-43c4ef5adc55','All Posts','296394ed-ca9a-4711-93f6-d2e9f0066fb9','2021-01-18 09:15:16'),(91,'a458bd70-5010-11eb-9744-43c4ef5adc55','All Posts','296394ed-ca9a-4711-93f6-d2e9f0066fb9','2021-01-18 09:18:07'),(92,'a458bd70-5010-11eb-9744-43c4ef5adc55','All Posts','296394ed-ca9a-4711-93f6-d2e9f0066fb9','2021-01-18 09:18:45'),(93,'a458bd70-5010-11eb-9744-43c4ef5adc55','All Posts','296394ed-ca9a-4711-93f6-d2e9f0066fb9','2021-01-18 10:05:13'),(94,'a458bd70-5010-11eb-9744-43c4ef5adc55','All Posts','296394ed-ca9a-4711-93f6-d2e9f0066fb9','2021-01-18 10:05:13'),(95,'a458bd70-5010-11eb-9744-43c4ef5adc55','My collection','f3d02c0b-64fe-49f7-bbba-174f0b1f388a','2021-01-18 10:25:35'),(96,'a458bd70-5010-11eb-9744-43c4ef5adc55','New Collection','d4260450-3398-4e01-a68a-4aa957f1faf7','2021-01-18 10:26:17'),(97,'a458bd70-5010-11eb-9744-43c4ef5adc55','All Posts','296394ed-ca9a-4711-93f6-d2e9f0066fb9','2021-01-18 10:28:34'),(98,'a458bd70-5010-11eb-9744-43c4ef5adc55','demo','06c17c33-5625-4e47-95fd-d4aedbf96f36','2021-01-18 10:28:58'),(99,'a458bd70-5010-11eb-9744-43c4ef5adc55','All Posts','296394ed-ca9a-4711-93f6-d2e9f0066fb9','2021-01-18 10:50:19'),(100,'a458bd70-5010-11eb-9744-43c4ef5adc55','All Posts','296394ed-ca9a-4711-93f6-d2e9f0066fb9','2021-01-18 10:56:32'),(101,'a458bd70-5010-11eb-9744-43c4ef5adc55','All Posts','296394ed-ca9a-4711-93f6-d2e9f0066fb9','2021-01-18 13:39:07'),(102,'a458bd70-5010-11eb-9744-43c4ef5adc55','All Posts','296394ed-ca9a-4711-93f6-d2e9f0066fb9','2021-01-18 13:39:14'),(103,'a458bd70-5010-11eb-9744-43c4ef5adc55','All Posts','296394ed-ca9a-4711-93f6-d2e9f0066fb9','2021-01-18 13:39:54'),(104,'a458bd70-5010-11eb-9744-43c4ef5adc55','This collection','c78470df-a91a-4769-a2b6-8c87d9594ca6','2021-01-18 13:40:23'),(105,'80802e20-4ec5-11eb-9adb-abc6087f97dd','All Posts','d4260450-3398-4e01-a68a-4aa957f1faf7','2021-01-19 05:20:13'),(106,'80802e20-4ec5-11eb-9adb-abc6087f97dd','All Posts','d4260450-3398-4e01-a68a-4aa957f1faf7','2021-01-19 05:20:14'),(107,'80802e20-4ec5-11eb-9adb-abc6087f97dd','All Posts','d4260450-3398-4e01-a68a-4aa957f1faf7','2021-01-28 06:32:37'),(108,'a458bd70-5010-11eb-9744-43c4ef5adc55','My collection','f3d02c0b-64fe-49f7-bbba-174f0b1f388a','2021-01-28 09:16:03'),(109,'a458bd70-5010-11eb-9744-43c4ef5adc55','All Posts','296394ed-ca9a-4711-93f6-d2e9f0066fb9','2021-01-28 09:16:23'),(110,'a458bd70-5010-11eb-9744-43c4ef5adc55','All Posts','296394ed-ca9a-4711-93f6-d2e9f0066fb9','2021-01-28 09:16:29'),(111,'a458bd70-5010-11eb-9744-43c4ef5adc55','All Posts','296394ed-ca9a-4711-93f6-d2e9f0066fb9','2021-01-28 09:16:33'),(112,'a458bd70-5010-11eb-9744-43c4ef5adc55','All Posts','296394ed-ca9a-4711-93f6-d2e9f0066fb9','2021-01-28 09:16:39'),(113,'a458bd70-5010-11eb-9744-43c4ef5adc55','New','c78470df-a91a-4769-a2b6-8c87d9594ca6','2021-01-28 09:20:03'),(114,'a458bd70-5010-11eb-9744-43c4ef5adc55','All new','950e3b0a-e3fb-49a5-979e-1941e92ca0cb','2021-01-28 09:20:30'),(115,'a458bd70-5010-11eb-9744-43c4ef5adc55','All Posts','296394ed-ca9a-4711-93f6-d2e9f0066fb9','2021-01-28 09:20:43'),(116,'a458bd70-5010-11eb-9744-43c4ef5adc55','All Posts','296394ed-ca9a-4711-93f6-d2e9f0066fb9','2021-01-28 09:20:58'),(117,'a458bd70-5010-11eb-9744-43c4ef5adc55','All Posts','296394ed-ca9a-4711-93f6-d2e9f0066fb9','2021-01-28 09:21:12'),(118,'a458bd70-5010-11eb-9744-43c4ef5adc55','All Posts','950e3b0a-e3fb-49a5-979e-1941e92ca0cb','2021-01-28 09:22:36'),(119,'a458bd70-5010-11eb-9744-43c4ef5adc55','All Posts','f3d02c0b-64fe-49f7-bbba-174f0b1f388a','2021-01-28 09:22:49'),(120,'00217ef0-451f-11eb-b639-09bd4e7b1a84','All Posts','c78470df-a91a-4769-a2b6-8c87d9594ca6','2021-01-29 12:58:20'),(121,'00217ef0-451f-11eb-b639-09bd4e7b1a84','All Posts','c78470df-a91a-4769-a2b6-8c87d9594ca6','2021-01-29 12:59:01'),(122,'00217ef0-451f-11eb-b639-09bd4e7b1a84','All Posts','c78470df-a91a-4769-a2b6-8c87d9594ca6','2021-01-29 12:59:27'),(123,'00217ef0-451f-11eb-b639-09bd4e7b1a84','All Posts','c78470df-a91a-4769-a2b6-8c87d9594ca6','2021-01-29 12:59:39'),(124,'00217ef0-451f-11eb-b639-09bd4e7b1a84','gg','dce7f20c-dea4-4063-bbb8-007cdf359df5','2021-01-29 12:59:53'),(125,'80802e20-4ec5-11eb-9adb-abc6087f97dd','All Posts','d4260450-3398-4e01-a68a-4aa957f1faf7','2021-01-31 15:08:37'),(126,'a458bd70-5010-11eb-9744-43c4ef5adc55','All Posts','d4260450-3398-4e01-a68a-4aa957f1faf7','2021-02-03 11:07:25'),(127,'a458bd70-5010-11eb-9744-43c4ef5adc55','All Posts','d4260450-3398-4e01-a68a-4aa957f1faf7','2021-02-03 11:09:45'),(128,'a458bd70-5010-11eb-9744-43c4ef5adc55','All Posts','d4260450-3398-4e01-a68a-4aa957f1faf7','2021-02-03 11:16:22'),(129,'a458bd70-5010-11eb-9744-43c4ef5adc55','All Posts','d4260450-3398-4e01-a68a-4aa957f1faf7','2021-02-03 11:16:51'),(130,'a458bd70-5010-11eb-9744-43c4ef5adc55','All Posts','d4260450-3398-4e01-a68a-4aa957f1faf7','2021-02-03 11:17:08'),(131,'a458bd70-5010-11eb-9744-43c4ef5adc55','All Posts','30fc84a4-fb47-4742-850b-d6e6dd20463f','2021-02-03 11:18:15'),(132,'a458bd70-5010-11eb-9744-43c4ef5adc55','All Posts','35600fb2-3e81-404e-8966-59ca2def6d8e','2021-02-03 11:19:01'),(133,'a458bd70-5010-11eb-9744-43c4ef5adc55','All Posts','d4260450-3398-4e01-a68a-4aa957f1faf7','2021-02-03 11:20:07'),(134,'a458bd70-5010-11eb-9744-43c4ef5adc55','All Posts','d4260450-3398-4e01-a68a-4aa957f1faf7','2021-02-03 11:20:45'),(135,'a458bd70-5010-11eb-9744-43c4ef5adc55','My Collection','bd918946-8974-4b98-bce4-50d613b71409','2021-02-03 11:23:33'),(136,'dcee4750-6775-11eb-8fc9-072477a80b98','All Posts','d4260450-3398-4e01-a68a-4aa957f1faf7','2021-02-05 07:10:01'),(137,'dcee4750-6775-11eb-8fc9-072477a80b98','All Posts','c78470df-a91a-4769-a2b6-8c87d9594ca6','2021-02-05 07:11:42'),(138,'255ab890-451e-11eb-b639-09bd4e7b1a84','All Posts','30fc84a4-fb47-4742-850b-d6e6dd20463f','2021-02-05 08:23:46'),(139,'0f685760-6790-11eb-a4ac-a7771a50da8e','All Posts','9cc55d6e-f928-48e3-ab11-439b2cb367f4','2021-02-05 09:14:05'),(140,'0f685760-6790-11eb-a4ac-a7771a50da8e','All Posts','9cc55d6e-f928-48e3-ab11-439b2cb367f4','2021-02-05 09:14:08'),(141,'0f685760-6790-11eb-a4ac-a7771a50da8e','All Posts','9cc55d6e-f928-48e3-ab11-439b2cb367f4','2021-02-05 09:21:14'),(142,'0f685760-6790-11eb-a4ac-a7771a50da8e','All Posts','9cc55d6e-f928-48e3-ab11-439b2cb367f4','2021-02-05 09:21:16'),(143,'0f685760-6790-11eb-a4ac-a7771a50da8e','All Posts','9cc55d6e-f928-48e3-ab11-439b2cb367f4','2021-02-05 09:31:27'),(144,'0f685760-6790-11eb-a4ac-a7771a50da8e','All Posts','9cc55d6e-f928-48e3-ab11-439b2cb367f4','2021-02-05 09:33:29'),(145,'0f685760-6790-11eb-a4ac-a7771a50da8e','All Posts','9cc55d6e-f928-48e3-ab11-439b2cb367f4','2021-02-05 09:33:33'),(146,'0f685760-6790-11eb-a4ac-a7771a50da8e','All Posts','9cc55d6e-f928-48e3-ab11-439b2cb367f4','2021-02-05 09:34:33'),(147,'0f685760-6790-11eb-a4ac-a7771a50da8e','All Posts','9cc55d6e-f928-48e3-ab11-439b2cb367f4','2021-02-05 09:35:54'),(148,'0f685760-6790-11eb-a4ac-a7771a50da8e','All Posts','9cc55d6e-f928-48e3-ab11-439b2cb367f4','2021-02-05 09:35:57'),(149,'0f685760-6790-11eb-a4ac-a7771a50da8e','All Posts','9cc55d6e-f928-48e3-ab11-439b2cb367f4','2021-02-05 09:37:23'),(150,'0f685760-6790-11eb-a4ac-a7771a50da8e','All Posts','9cc55d6e-f928-48e3-ab11-439b2cb367f4','2021-02-05 09:37:34'),(151,'0f685760-6790-11eb-a4ac-a7771a50da8e','All Posts','9cc55d6e-f928-48e3-ab11-439b2cb367f4','2021-02-05 09:39:28'),(152,'0f685760-6790-11eb-a4ac-a7771a50da8e','All Posts','9cc55d6e-f928-48e3-ab11-439b2cb367f4','2021-02-08 04:47:56'),(153,'0f685760-6790-11eb-a4ac-a7771a50da8e','dhdh','d4260450-3398-4e01-a68a-4aa957f1faf7','2021-02-08 04:52:01'),(154,'0f685760-6790-11eb-a4ac-a7771a50da8e','dhxndn','89e9b670-eba0-4a0c-8e51-85e4b483f38d','2021-02-08 04:52:31'),(155,'0f685760-6790-11eb-a4ac-a7771a50da8e','dhdhf','dce7f20c-dea4-4063-bbb8-007cdf359df5','2021-02-08 04:52:43'),(156,'0f685760-6790-11eb-a4ac-a7771a50da8e','gsxhhx','30fc84a4-fb47-4742-850b-d6e6dd20463f','2021-02-08 04:52:58'),(157,'0f685760-6790-11eb-a4ac-a7771a50da8e','All Posts','9cc55d6e-f928-48e3-ab11-439b2cb367f4','2021-02-08 04:53:54'),(158,'0f685760-6790-11eb-a4ac-a7771a50da8e','All Posts','9cc55d6e-f928-48e3-ab11-439b2cb367f4','2021-02-09 09:40:44'),(159,'0f685760-6790-11eb-a4ac-a7771a50da8e','All Posts','9cc55d6e-f928-48e3-ab11-439b2cb367f4','2021-02-09 09:40:51'),(160,'0f685760-6790-11eb-a4ac-a7771a50da8e','All Posts','9cc55d6e-f928-48e3-ab11-439b2cb367f4','2021-02-09 09:41:51'),(161,'0f685760-6790-11eb-a4ac-a7771a50da8e','All Posts','9cc55d6e-f928-48e3-ab11-439b2cb367f4','2021-02-09 09:42:55'),(162,'0f685760-6790-11eb-a4ac-a7771a50da8e','All Posts','9cc55d6e-f928-48e3-ab11-439b2cb367f4','2021-02-09 09:43:00'),(163,'0f685760-6790-11eb-a4ac-a7771a50da8e','All Posts','9cc55d6e-f928-48e3-ab11-439b2cb367f4','2021-02-09 09:43:23'),(164,'0f685760-6790-11eb-a4ac-a7771a50da8e','All Posts','9cc55d6e-f928-48e3-ab11-439b2cb367f4','2021-02-09 09:43:54'),(165,'0f685760-6790-11eb-a4ac-a7771a50da8e','All Posts','9cc55d6e-f928-48e3-ab11-439b2cb367f4','2021-02-09 09:43:59'),(166,'0f685760-6790-11eb-a4ac-a7771a50da8e','All Posts','9cc55d6e-f928-48e3-ab11-439b2cb367f4','2021-02-09 09:45:50'),(167,'0f685760-6790-11eb-a4ac-a7771a50da8e','All Posts','9cc55d6e-f928-48e3-ab11-439b2cb367f4','2021-02-09 09:45:56'),(168,'0f685760-6790-11eb-a4ac-a7771a50da8e','All Posts','9cc55d6e-f928-48e3-ab11-439b2cb367f4','2021-02-09 09:46:21'),(169,'0f685760-6790-11eb-a4ac-a7771a50da8e','All Posts','9cc55d6e-f928-48e3-ab11-439b2cb367f4','2021-02-09 09:46:32'),(170,'0f685760-6790-11eb-a4ac-a7771a50da8e','All Posts','9cc55d6e-f928-48e3-ab11-439b2cb367f4','2021-02-09 09:47:36'),(171,'0f685760-6790-11eb-a4ac-a7771a50da8e','All Posts','9cc55d6e-f928-48e3-ab11-439b2cb367f4','2021-02-09 09:58:07'),(172,'0f685760-6790-11eb-a4ac-a7771a50da8e','All Posts','9cc55d6e-f928-48e3-ab11-439b2cb367f4','2021-02-09 09:58:47'),(173,'0f685760-6790-11eb-a4ac-a7771a50da8e','All Posts','9cc55d6e-f928-48e3-ab11-439b2cb367f4','2021-02-09 10:01:42'),(174,'0f685760-6790-11eb-a4ac-a7771a50da8e','All Posts','9cc55d6e-f928-48e3-ab11-439b2cb367f4','2021-02-09 10:02:06'),(175,'0f685760-6790-11eb-a4ac-a7771a50da8e','All Posts','9cc55d6e-f928-48e3-ab11-439b2cb367f4','2021-02-09 10:03:58'),(176,'0f685760-6790-11eb-a4ac-a7771a50da8e','All Posts','9cc55d6e-f928-48e3-ab11-439b2cb367f4','2021-02-09 10:04:13'),(177,'0f685760-6790-11eb-a4ac-a7771a50da8e','All Posts','9cc55d6e-f928-48e3-ab11-439b2cb367f4','2021-02-09 10:05:05'),(178,'0f685760-6790-11eb-a4ac-a7771a50da8e','All Posts','9cc55d6e-f928-48e3-ab11-439b2cb367f4','2021-02-09 10:05:16'),(179,'0f685760-6790-11eb-a4ac-a7771a50da8e','All Posts','9cc55d6e-f928-48e3-ab11-439b2cb367f4','2021-02-09 10:05:23'),(180,'0f685760-6790-11eb-a4ac-a7771a50da8e','All Posts','9cc55d6e-f928-48e3-ab11-439b2cb367f4','2021-02-09 10:05:50'),(181,'0f685760-6790-11eb-a4ac-a7771a50da8e','All Posts','9cc55d6e-f928-48e3-ab11-439b2cb367f4','2021-02-09 10:06:13'),(182,'0f685760-6790-11eb-a4ac-a7771a50da8e','All Posts','9cc55d6e-f928-48e3-ab11-439b2cb367f4','2021-02-09 10:06:20'),(183,'0f685760-6790-11eb-a4ac-a7771a50da8e','All Posts','9cc55d6e-f928-48e3-ab11-439b2cb367f4','2021-02-09 10:06:24'),(184,'0f685760-6790-11eb-a4ac-a7771a50da8e','All Posts','9cc55d6e-f928-48e3-ab11-439b2cb367f4','2021-02-09 10:13:42'),(185,'0f685760-6790-11eb-a4ac-a7771a50da8e','All Posts','9cc55d6e-f928-48e3-ab11-439b2cb367f4','2021-02-09 10:15:03'),(186,'0f685760-6790-11eb-a4ac-a7771a50da8e','All Posts','9cc55d6e-f928-48e3-ab11-439b2cb367f4','2021-02-09 10:16:32'),(187,'0f685760-6790-11eb-a4ac-a7771a50da8e','All Posts','9cc55d6e-f928-48e3-ab11-439b2cb367f4','2021-02-09 10:17:04'),(188,'0f685760-6790-11eb-a4ac-a7771a50da8e','My new collection','c78470df-a91a-4769-a2b6-8c87d9594ca6','2021-02-09 10:28:18'),(189,'0f685760-6790-11eb-a4ac-a7771a50da8e','All Posts','9cc55d6e-f928-48e3-ab11-439b2cb367f4','2021-02-09 10:34:41'),(190,'0f685760-6790-11eb-a4ac-a7771a50da8e','All Posts','9cc55d6e-f928-48e3-ab11-439b2cb367f4','2021-02-09 10:57:55'),(191,'0f685760-6790-11eb-a4ac-a7771a50da8e','All Posts','9cc55d6e-f928-48e3-ab11-439b2cb367f4','2021-02-09 10:58:01'),(192,'0f685760-6790-11eb-a4ac-a7771a50da8e','All Posts','9cc55d6e-f928-48e3-ab11-439b2cb367f4','2021-02-09 10:58:07'),(193,'0f685760-6790-11eb-a4ac-a7771a50da8e','All Posts','9cc55d6e-f928-48e3-ab11-439b2cb367f4','2021-02-09 10:58:13'),(194,'0f685760-6790-11eb-a4ac-a7771a50da8e','All Posts','9cc55d6e-f928-48e3-ab11-439b2cb367f4','2021-02-09 11:51:08'),(195,'0f685760-6790-11eb-a4ac-a7771a50da8e','All Posts','9cc55d6e-f928-48e3-ab11-439b2cb367f4','2021-02-10 08:58:38');
/*!40000 ALTER TABLE `collection` ENABLE KEYS */;
UNLOCK TABLES;

--
-- Table structure for table `color`
--

DROP TABLE IF EXISTS `color`;
/*!40101 SET @saved_cs_client     = @@character_set_client */;
/*!50503 SET character_set_client = utf8mb4 */;
CREATE TABLE `color` (
  `id` int NOT NULL AUTO_INCREMENT,
  `name` char(50) DEFAULT NULL,
  `img` text NOT NULL,
  PRIMARY KEY (`id`),
  UNIQUE KEY `name` (`name`)
) ENGINE=InnoDB AUTO_INCREMENT=7 DEFAULT CHARSET=utf8mb4 COLLATE=utf8mb4_0900_ai_ci;
/*!40101 SET character_set_client = @saved_cs_client */;

--
-- Dumping data for table `color`
--

LOCK TABLES `color` WRITE;
/*!40000 ALTER TABLE `color` DISABLE KEYS */;
INSERT INTO `color` VALUES (1,'color_1','upload_images/color/default.png'),(2,'color_2','upload_images/color/default.png'),(3,'color_3','upload_images/color/default.png'),(4,'color_4','upload_images/color/default.png'),(5,'color_5','upload_images/color/default.png'),(6,'color_6','upload_images/color/default.png');
/*!40000 ALTER TABLE `color` ENABLE KEYS */;
UNLOCK TABLES;

--
-- Table structure for table `comments`
--

DROP TABLE IF EXISTS `comments`;
/*!40101 SET @saved_cs_client     = @@character_set_client */;
/*!50503 SET character_set_client = utf8mb4 */;
CREATE TABLE `comments` (
  `id` char(50) NOT NULL,
  `post_id` char(50) DEFAULT NULL,
  `user_id` char(50) DEFAULT NULL,
  `msg` longtext CHARACTER SET utf8mb4 COLLATE utf8mb4_unicode_ci NOT NULL,
  `parent_id` char(50) DEFAULT NULL,
  `likes` bigint NOT NULL DEFAULT '0',
  `timestamp` timestamp NOT NULL DEFAULT CURRENT_TIMESTAMP,
  PRIMARY KEY (`id`)
) ENGINE=InnoDB DEFAULT CHARSET=utf8mb4 COLLATE=utf8mb4_0900_ai_ci;
/*!40101 SET character_set_client = @saved_cs_client */;

--
-- Dumping data for table `comments`
--

LOCK TABLES `comments` WRITE;
/*!40000 ALTER TABLE `comments` DISABLE KEYS */;
INSERT INTO `comments` VALUES ('01e6bda9-07a5-4b90-a05b-e305793bb0df','c78470df-a91a-4769-a2b6-8c87d9594ca6','83f9b0f0-6791-11eb-8fcb-f76ed9a4c980',':D',NULL,0,'2021-02-05 13:20:23'),('0399dc8c-ae51-438f-b122-4b6878f680a4','a1b6313b-3fd8-4c9f-b8ba-ae1137a43267','255ab890-451e-11eb-b639-09bd4e7b1a84','111111',NULL,0,'2020-12-25 09:18:49'),('04c283e0-f1cd-42be-9446-811d489c189e','c78470df-a91a-4769-a2b6-8c87d9594ca6','a458bd70-5010-11eb-9744-43c4ef5adc55','Good',NULL,0,'2021-01-25 09:33:35'),('04cd3b5a-c096-4fb4-8bc9-7f33234de2fe','d4260450-3398-4e01-a68a-4aa957f1faf7','5d8f85c0-49b4-11eb-9ec1-d5d79c7b07b0','gg',NULL,0,'2020-12-31 19:40:37'),('064421df-7bda-444d-9515-035982fe6f86','35600fb2-3e81-404e-8966-59ca2def6d8e','tVrlWwLNaQcCk7naQBiHVrzZUal2','hhjj',NULL,0,'2021-01-23 12:40:30'),('06b1755f-6bff-47c5-8b4b-afbe78c7dc40','bd918946-8974-4b98-bce4-50d613b71409','255ab890-451e-11eb-b639-09bd4e7b1a84','Well Done',NULL,0,'2020-12-25 13:01:27'),('0d321406-4193-488e-845c-fb3a1bdb68ac','d4260450-3398-4e01-a68a-4aa957f1faf7','5d8f85c0-49b4-11eb-9ec1-d5d79c7b07b0','kk',NULL,0,'2020-12-31 19:40:40'),('0e750553-d08e-423e-9d27-69eb1383f843','30fc84a4-fb47-4742-850b-d6e6dd20463f','255ab890-451e-11eb-b639-09bd4e7b1a84','very Well Made',NULL,0,'2020-12-30 05:15:27'),('0ee7c6d9-f586-4c64-88d2-02ab7648d556','d4260450-3398-4e01-a68a-4aa957f1faf7','a458bd70-5010-11eb-9744-43c4ef5adc55','nice',NULL,0,'2021-01-25 08:42:19'),('102fc960-d980-4d3d-b04c-8fdd967f1d2d','a1b6313b-3fd8-4c9f-b8ba-ae1137a43267','255ab890-451e-11eb-b639-09bd4e7b1a84','sbzbxbxb',NULL,0,'2020-12-25 09:17:49'),('1041fab0-a618-4707-a4f1-c9068570951f','99e389a2-fae9-4cec-ae7b-c78f77be2e0b','a458bd70-5010-11eb-9744-43c4ef5adc55','xjxhxh',NULL,0,'2021-02-04 12:20:03'),('12f2c25a-bb83-41d9-98ff-74015e995f2e','72e4a578-dcc9-485d-8422-2101cab408e1','0f685760-6790-11eb-a4ac-a7771a50da8e','Very Good Product',NULL,0,'2021-02-08 12:50:37'),('14f91a18-a4e0-4a17-8349-40163a270131','d4260450-3398-4e01-a68a-4aa957f1faf7','83f9b0f0-6791-11eb-8fcb-f76ed9a4c980','Very Great Product',NULL,0,'2021-02-05 12:58:17'),('1668b41c-175e-45b7-952f-33bf2d150e81','d4260450-3398-4e01-a68a-4aa957f1faf7','a458bd70-5010-11eb-9744-43c4ef5adc55','hello',NULL,0,'2021-01-25 08:29:24'),('16c2317e-1afd-449d-ae0d-0fb89253f949','a1b6313b-3fd8-4c9f-b8ba-ae1137a43267','b3870620-4521-11eb-b639-09bd4e7b1a84','give me location',NULL,0,'2020-12-24 11:15:00'),('198bbbab-0876-49f5-a65d-04d61f5dfd34','35600fb2-3e81-404e-8966-59ca2def6d8e','a458bd70-5010-11eb-9744-43c4ef5adc55','very Light',NULL,0,'2021-01-25 09:21:50'),('1b19b0a2-8bd1-4d35-88de-d523c7bb06d7','bd9646c4-1943-4516-bd81-0198927ab27f','83f9b0f0-6791-11eb-8fcb-f76ed9a4c980','xhhx',NULL,0,'2021-02-05 12:07:50'),('1bc1ae06-7fe6-4c89-a970-e53927a8700e','a1b6313b-3fd8-4c9f-b8ba-ae1137a43267','255ab890-451e-11eb-b639-09bd4e7b1a84','sfjefsjsst',NULL,0,'2020-12-25 09:18:26'),('1c4fb251-c4c5-4c42-b64a-88e189e1fd02','c78470df-a91a-4769-a2b6-8c87d9594ca6','a458bd70-5010-11eb-9744-43c4ef5adc55','Okay',NULL,0,'2021-01-25 09:10:16'),('1cce0ec9-1b8b-4012-beca-fdcf3462086d','30fc84a4-fb47-4742-850b-d6e6dd20463f','a458bd70-5010-11eb-9744-43c4ef5adc55','Blck isclassy',NULL,0,'2021-01-25 09:33:05'),('1e31565d-edae-463c-98d5-f9ccf90c6447','a1b6313b-3fd8-4c9f-b8ba-ae1137a43267','255ab890-451e-11eb-b639-09bd4e7b1a84','sfjefsjsst',NULL,0,'2020-12-25 09:18:25'),('2158dd2b-b37a-459f-876d-107b6f25be20','30fc84a4-fb47-4742-850b-d6e6dd20463f','255ab890-451e-11eb-b639-09bd4e7b1a84','Great ',NULL,0,'2020-12-30 05:15:20'),('220029b2-3efe-41bc-8120-6d1294a8a192','30fc84a4-fb47-4742-850b-d6e6dd20463f','tVrlWwLNaQcCk7naQBiHVrzZUal2','hgzjz',NULL,0,'2021-01-23 12:28:01'),('2287458f-3ca2-438f-98e4-600671521e2f','c78470df-a91a-4769-a2b6-8c87d9594ca6','a458bd70-5010-11eb-9744-43c4ef5adc55','Very Nice',NULL,0,'2021-01-25 09:09:33'),('2435cc17-793d-4b1a-ac09-ea8254db3e80','d4260450-3398-4e01-a68a-4aa957f1faf7','a458bd70-5010-11eb-9744-43c4ef5adc55','Nice',NULL,0,'2021-01-25 08:43:30'),('2a082888-d991-479c-baff-5e66044799ed','f3d02c0b-64fe-49f7-bbba-174f0b1f388a','b3870620-4521-11eb-b639-09bd4e7b1a84','gg',NULL,0,'2020-12-24 11:10:54'),('2adddc25-194e-4e96-a3c5-b5ae904a7f4d','a1b6313b-3fd8-4c9f-b8ba-ae1137a43267','255ab890-451e-11eb-b639-09bd4e7b1a84','sfjefsjsst',NULL,0,'2020-12-25 09:18:37'),('35602730-903a-4f04-85df-f1e733bbbe43','d4260450-3398-4e01-a68a-4aa957f1faf7','a458bd70-5010-11eb-9744-43c4ef5adc55','Nice',NULL,0,'2021-01-25 08:43:59'),('3b10d564-d4a6-4d6e-a97f-60179c964f96','a1b6313b-3fd8-4c9f-b8ba-ae1137a43267','255ab890-451e-11eb-b639-09bd4e7b1a84','sfjefsjsst',NULL,0,'2020-12-25 09:18:23'),('3b1a4ceb-8778-448e-bd56-db0c7baa7a1f','89e9b670-eba0-4a0c-8e51-85e4b483f38d','a458bd70-5010-11eb-9744-43c4ef5adc55','Great',NULL,0,'2021-01-28 09:07:48'),('3ef2c9a1-5b09-4fb4-af16-cd0631bfb5b8','30fc84a4-fb47-4742-850b-d6e6dd20463f','a458bd70-5010-11eb-9744-43c4ef5adc55','Nice Kurta',NULL,0,'2021-01-25 08:36:05'),('401160c3-99b1-4cb7-a6b3-641421bc6642','d4260450-3398-4e01-a68a-4aa957f1faf7','83f9b0f0-6791-11eb-8fcb-f76ed9a4c980','The product is good',NULL,0,'2021-02-05 13:00:07'),('454195f1-ee2d-404d-84ea-a6cc405c5c83','d4260450-3398-4e01-a68a-4aa957f1faf7','83f9b0f0-6791-11eb-8fcb-f76ed9a4c980','hi',NULL,0,'2021-02-08 04:42:25'),('49bca87b-7ae6-4583-82ff-21d0ad0d9be1','a1b6313b-3fd8-4c9f-b8ba-ae1137a43267','255ab890-451e-11eb-b639-09bd4e7b1a84','sfjefsjsst',NULL,0,'2020-12-25 09:18:25'),('4aedc1a9-d61e-4d64-a9cc-c2f8c0f51c8e','a1b6313b-3fd8-4c9f-b8ba-ae1137a43267','255ab890-451e-11eb-b639-09bd4e7b1a84','111111',NULL,0,'2020-12-25 09:18:52'),('5043f379-a1b5-4a87-a956-903a34274ffc','d4260450-3398-4e01-a68a-4aa957f1faf7','a458bd70-5010-11eb-9744-43c4ef5adc55','Nice Product',NULL,0,'2021-01-25 08:44:40'),('52ddfc5a-b782-4c4d-9c9f-cde5e34aa168','bd918946-8974-4b98-bce4-50d613b71409','255ab890-451e-11eb-b639-09bd4e7b1a84','Nice Tshirt',NULL,0,'2020-12-25 13:01:22'),('52ea0879-3290-4329-a7f4-243efc388022','a1b6313b-3fd8-4c9f-b8ba-ae1137a43267','255ab890-451e-11eb-b639-09bd4e7b1a84','sbzbxbxb',NULL,0,'2020-12-25 09:17:56'),('5511c26a-f0ca-4ea7-b82f-cdfe55eadda1','35600fb2-3e81-404e-8966-59ca2def6d8e','255ab890-451e-11eb-b639-09bd4e7b1a84','xhxh',NULL,0,'2020-12-25 10:01:11'),('5582b68f-8ae7-4d2b-8fcf-3bd9e2c4309a','d4260450-3398-4e01-a68a-4aa957f1faf7','5d8f85c0-49b4-11eb-9ec1-d5d79c7b07b0','dd',NULL,0,'2020-12-31 19:40:55'),('55da2903-0828-47ff-b81d-e3a9c3101762','99e389a2-fae9-4cec-ae7b-c78f77be2e0b','a458bd70-5010-11eb-9744-43c4ef5adc55','dhdhddjdnd',NULL,0,'2021-02-04 12:19:53'),('568034cf-fc16-4315-a416-81d5fd39fd7d','a1b6313b-3fd8-4c9f-b8ba-ae1137a43267','255ab890-451e-11eb-b639-09bd4e7b1a84','sbzbxbxb',NULL,0,'2020-12-25 09:17:58'),('59d3312a-7653-4bf8-89e7-42b2f621340f','dce7f20c-dea4-4063-bbb8-007cdf359df5','a458bd70-5010-11eb-9744-43c4ef5adc55','Good',NULL,0,'2021-01-25 09:26:05'),('5a9404e4-ffa6-45a2-aa2f-b9c6b746322a','ce798ae3-b9b6-47be-a90b-3a234ec90b0a','00217ef0-451f-11eb-b639-09bd4e7b1a84','wow',NULL,0,'2020-12-25 10:56:34'),('5f08f90c-a396-41d1-8ffc-d3e0d289412b','15262deb-31b4-40d7-97a2-71902cc75518','3504759192903126','Nice',NULL,0,'2021-02-05 13:05:50'),('6379302a-c326-440a-95c7-8bd066717e46','c78470df-a91a-4769-a2b6-8c87d9594ca6','83f9b0f0-6791-11eb-8fcb-f76ed9a4c980','Very Elwepllllhshshsjsj',NULL,0,'2021-02-05 13:19:39'),('64d5ce4e-365e-4ab9-8fd5-a410216ce40c','a1b6313b-3fd8-4c9f-b8ba-ae1137a43267','255ab890-451e-11eb-b639-09bd4e7b1a84','sbzbxbxb',NULL,0,'2020-12-25 09:17:57'),('64f1dc3d-cac8-480d-99b7-1a70cd311718','9cc55d6e-f928-48e3-ab11-439b2cb367f4','5d8f85c0-49b4-11eb-9ec1-d5d79c7b07b0','gg',NULL,0,'2021-01-13 12:51:55'),('6b6d6e72-5e7d-4007-bcb5-502de6db3d1e','15262deb-31b4-40d7-97a2-71902cc75518','a458bd70-5010-11eb-9744-43c4ef5adc55','Great videi',NULL,0,'2021-01-16 12:42:41'),('6fe7e11a-dc21-42d4-8340-4ddd54bca62f','a1b6313b-3fd8-4c9f-b8ba-ae1137a43267','255ab890-451e-11eb-b639-09bd4e7b1a84','sbzbxbxb',NULL,0,'2020-12-25 09:17:48'),('71a8af76-befd-4477-b02e-49e927580bfa','d4260450-3398-4e01-a68a-4aa957f1faf7','a458bd70-5010-11eb-9744-43c4ef5adc55','very Good',NULL,0,'2021-01-25 09:20:07'),('71e7ea5c-790d-4e54-9e60-f01a6b24481c','d4260450-3398-4e01-a68a-4aa957f1faf7','83f9b0f0-6791-11eb-8fcb-f76ed9a4c980','hi',NULL,0,'2021-02-08 04:43:04'),('78552f0f-1cfc-4e90-8269-d171b5984bce','a1b6313b-3fd8-4c9f-b8ba-ae1137a43267','255ab890-451e-11eb-b639-09bd4e7b1a84','sbzbxbxb',NULL,0,'2020-12-25 09:17:56'),('79078d3a-8168-41bb-b621-45467be3e16a','dce7f20c-dea4-4063-bbb8-007cdf359df5','00217ef0-451f-11eb-b639-09bd4e7b1a84','GG',NULL,0,'2021-02-08 07:29:03'),('7bbfb7df-8a8c-4247-8130-8b202e110231','30fc84a4-fb47-4742-850b-d6e6dd20463f','tVrlWwLNaQcCk7naQBiHVrzZUal2','jxjxjx',NULL,0,'2021-01-23 12:27:48'),('81c6f8ed-5abb-4943-b2f9-bbbcf0bd022b','bd9646c4-1943-4516-bd81-0198927ab27f','83f9b0f0-6791-11eb-8fcb-f76ed9a4c980','fjfj',NULL,0,'2021-02-05 12:07:36'),('8390b79e-6ac9-40c5-bb76-4f63bfcb5110','bd918946-8974-4b98-bce4-50d613b71409','255ab890-451e-11eb-b639-09bd4e7b1a84','great tsirt',NULL,0,'2020-12-25 13:01:17'),('84b6c61e-f347-4d9d-ba66-0dd91633674a','30fc84a4-fb47-4742-850b-d6e6dd20463f','83f9b0f0-6791-11eb-8fcb-f76ed9a4c980','nice',NULL,0,'2021-02-05 13:17:07'),('863c2dee-bceb-411f-aa2e-cd9a78d57216','15262deb-31b4-40d7-97a2-71902cc75518','0f685760-6790-11eb-a4ac-a7771a50da8e','Product is really good',NULL,0,'2021-02-08 12:47:04'),('86be558e-598b-4170-96be-f6ea64ef6cdc','d4260450-3398-4e01-a68a-4aa957f1faf7','0f685760-6790-11eb-a4ac-a7771a50da8e','hi',NULL,0,'2021-02-08 04:44:52'),('87b40f26-2281-4989-80c0-4a9d7251d4ef','30fc84a4-fb47-4742-850b-d6e6dd20463f','a458bd70-5010-11eb-9744-43c4ef5adc55','excellent',NULL,0,'2021-01-25 08:45:02'),('8f85ccdc-b05d-4b68-9af1-4c8a8cd06ad5','a1b6313b-3fd8-4c9f-b8ba-ae1137a43267','255ab890-451e-11eb-b639-09bd4e7b1a84','sfjefsjsst',NULL,0,'2020-12-25 09:18:39'),('905fd5bb-51ea-48b8-a8f2-c041c2830c2e','c78470df-a91a-4769-a2b6-8c87d9594ca6','a458bd70-5010-11eb-9744-43c4ef5adc55','Great',NULL,0,'2021-01-25 09:07:31'),('94eaaabc-2e9a-4ff8-8893-b621d8bc081f','30fc84a4-fb47-4742-850b-d6e6dd20463f','a458bd70-5010-11eb-9744-43c4ef5adc55','Great',NULL,0,'2021-01-25 09:07:09'),('9514ab20-7ff1-46b6-97a0-39ad03a60f70','c78470df-a91a-4769-a2b6-8c87d9594ca6','a458bd70-5010-11eb-9744-43c4ef5adc55','Very Nice',NULL,0,'2021-01-25 09:09:26'),('9ab4463c-aae2-491d-afa0-370cd3525eb0','35600fb2-3e81-404e-8966-59ca2def6d8e','a458bd70-5010-11eb-9744-43c4ef5adc55','Nice Product',NULL,0,'2021-01-25 09:21:05'),('9c9fa209-4103-4e04-a545-f4fc62db8a43','a1b6313b-3fd8-4c9f-b8ba-ae1137a43267','255ab890-451e-11eb-b639-09bd4e7b1a84','sbzbxbxb',NULL,0,'2020-12-25 09:17:58'),('9ccac78e-140f-4532-a251-6168a637e80d','a1b6313b-3fd8-4c9f-b8ba-ae1137a43267','255ab890-451e-11eb-b639-09bd4e7b1a84','sbzbxbxb',NULL,0,'2020-12-25 09:17:50'),('9f788561-2792-425a-b9d1-31f971b321aa','30fc84a4-fb47-4742-850b-d6e6dd20463f','a458bd70-5010-11eb-9744-43c4ef5adc55','excellent',NULL,0,'2021-01-25 08:45:04'),('a3d42939-5008-4da3-b6c5-0a59f0220ef7','9cc55d6e-f928-48e3-ab11-439b2cb367f4','tVrlWwLNaQcCk7naQBiHVrzZUal2','hhsh',NULL,0,'2021-01-23 12:15:10'),('a5856efc-e128-422f-96d8-38f481e68bf6','a1b6313b-3fd8-4c9f-b8ba-ae1137a43267','255ab890-451e-11eb-b639-09bd4e7b1a84','sbzbxbxb',NULL,0,'2020-12-25 09:17:57'),('a7c3894f-43d3-4520-b419-eccaf8bbb6ff','a1b6313b-3fd8-4c9f-b8ba-ae1137a43267','255ab890-451e-11eb-b639-09bd4e7b1a84','sbzbxbxb',NULL,0,'2020-12-25 09:17:56'),('a84addc5-ba47-4fcf-8ce2-819593bf43a7','a1b6313b-3fd8-4c9f-b8ba-ae1137a43267','255ab890-451e-11eb-b639-09bd4e7b1a84','sfjefsjsst',NULL,0,'2020-12-25 09:18:23'),('a8cb0992-0e3a-4eec-ace1-d73640aeec48','d4260450-3398-4e01-a68a-4aa957f1faf7','ffb7e0c0-4bfa-11eb-a64a-dff9590c10e8','hi',NULL,0,'2021-01-04 14:01:29'),('aa44bf0b-7027-4a11-b3bf-27b3cbab2285','ce798ae3-b9b6-47be-a90b-3a234ec90b0a','255ab890-451e-11eb-b639-09bd4e7b1a84','dudud',NULL,0,'2020-12-25 11:03:44'),('acff4c49-fd56-44e8-bbfb-160a8f8de204','a1b6313b-3fd8-4c9f-b8ba-ae1137a43267','255ab890-451e-11eb-b639-09bd4e7b1a84','sfjefsjsst',NULL,0,'2020-12-25 09:18:21'),('ad2dd2b8-b151-491a-9213-7c22701fa825','30fc84a4-fb47-4742-850b-d6e6dd20463f','a458bd70-5010-11eb-9744-43c4ef5adc55','Nice Kurta',NULL,0,'2021-01-25 08:36:03'),('af1140b7-dd22-428f-bb2f-bd209dee5b34','a1b6313b-3fd8-4c9f-b8ba-ae1137a43267','255ab890-451e-11eb-b639-09bd4e7b1a84','sbzbxbxb',NULL,0,'2020-12-25 09:17:51'),('b11febf5-dc10-4395-b4c7-e883e0c238bc','d4260450-3398-4e01-a68a-4aa957f1faf7','a458bd70-5010-11eb-9744-43c4ef5adc55','gdhd',NULL,0,'2021-02-05 04:06:20'),('b374dff6-24ba-4cba-8db3-cd0f659cc6cd','a1b6313b-3fd8-4c9f-b8ba-ae1137a43267','255ab890-451e-11eb-b639-09bd4e7b1a84','sbzbxbxb',NULL,0,'2020-12-25 09:17:55'),('b69dd0b1-6f32-4ce2-a7d0-9cd61ea0d916','d4260450-3398-4e01-a68a-4aa957f1faf7','a458bd70-5010-11eb-9744-43c4ef5adc55','ghgh',NULL,0,'2021-02-05 04:05:48'),('b6c850cb-7092-427d-8b03-c6d06eb89e09','a1b6313b-3fd8-4c9f-b8ba-ae1137a43267','255ab890-451e-11eb-b639-09bd4e7b1a84','sfjefsjsst',NULL,0,'2020-12-25 09:18:25'),('b92f5138-a311-4e76-9134-fe3c8cb3cad3','a1b6313b-3fd8-4c9f-b8ba-ae1137a43267','255ab890-451e-11eb-b639-09bd4e7b1a84','sfjefsjsst',NULL,0,'2020-12-25 09:18:39'),('bdb8e764-e273-4992-9d58-9efba0f8427b','a1b6313b-3fd8-4c9f-b8ba-ae1137a43267','255ab890-451e-11eb-b639-09bd4e7b1a84','sbzbxbxb',NULL,0,'2020-12-25 09:17:51'),('bf401cbf-ead3-4196-98f7-451589a00445','a1b6313b-3fd8-4c9f-b8ba-ae1137a43267','255ab890-451e-11eb-b639-09bd4e7b1a84','sbzbxbxb',NULL,0,'2020-12-25 09:17:58'),('c0e94cbf-0473-4b85-9203-08eac8d8a556','d4260450-3398-4e01-a68a-4aa957f1faf7','83f9b0f0-6791-11eb-8fcb-f76ed9a4c980','hi',NULL,0,'2021-02-08 04:42:49'),('c469fa61-a45b-44f8-9982-ad0f5b4c439e','30fc84a4-fb47-4742-850b-d6e6dd20463f','83f9b0f0-6791-11eb-8fcb-f76ed9a4c980','Very Good product',NULL,0,'2021-02-05 13:18:14'),('c83e75b9-0a24-4190-abbb-5422b1abcc91','a1b6313b-3fd8-4c9f-b8ba-ae1137a43267','255ab890-451e-11eb-b639-09bd4e7b1a84','sfjefsjsst',NULL,0,'2020-12-25 09:18:41'),('c878cfbd-2f0d-416e-b399-6c7df0289e04','a1b6313b-3fd8-4c9f-b8ba-ae1137a43267','255ab890-451e-11eb-b639-09bd4e7b1a84','sfjefsjsst',NULL,0,'2020-12-25 09:18:40'),('c9bd2b22-bfc5-40fd-b186-0954f1d06d38','c78470df-a91a-4769-a2b6-8c87d9594ca6','83f9b0f0-6791-11eb-8fcb-f76ed9a4c980','Profile Is Great',NULL,0,'2021-02-05 13:19:28'),('ca04db2a-c7c9-4035-9d86-bb0ae1e26cd0','99e389a2-fae9-4cec-ae7b-c78f77be2e0b','a458bd70-5010-11eb-9744-43c4ef5adc55','dhdhdh',NULL,0,'2021-02-04 12:20:09'),('ca205a2e-6f3c-40ab-9922-1f1baf2ef67c','d4260450-3398-4e01-a68a-4aa957f1faf7','0f685760-6790-11eb-a4ac-a7771a50da8e','hi',NULL,0,'2021-02-08 04:45:05'),('ca776dbf-77f8-4c3d-bbec-7c67492b32ce','d4260450-3398-4e01-a68a-4aa957f1faf7','a458bd70-5010-11eb-9744-43c4ef5adc55','The color looks great',NULL,0,'2021-01-25 09:32:39'),('cafdcbd3-c213-459f-b171-9faaaea62e69','a1b6313b-3fd8-4c9f-b8ba-ae1137a43267','255ab890-451e-11eb-b639-09bd4e7b1a84','sfjefsjsst',NULL,0,'2020-12-25 09:18:23'),('cd9bbf63-86f2-42d4-9227-a0134cfb6ff9','35600fb2-3e81-404e-8966-59ca2def6d8e','255ab890-451e-11eb-b639-09bd4e7b1a84','xbxn',NULL,0,'2020-12-25 09:54:50'),('d1fb9f43-7be7-4433-be0e-7d1029bf4b88','d4260450-3398-4e01-a68a-4aa957f1faf7','0f685760-6790-11eb-a4ac-a7771a50da8e','hi',NULL,0,'2021-02-08 04:45:11'),('d241b632-fe9e-4fad-a366-a173a8ea7c33','a1b6313b-3fd8-4c9f-b8ba-ae1137a43267','255ab890-451e-11eb-b639-09bd4e7b1a84','sbzbxbxb',NULL,0,'2020-12-25 09:17:58'),('d59ea8c2-4f76-4dcf-934c-fb972b91b21e','d4260450-3398-4e01-a68a-4aa957f1faf7','5d8f85c0-49b4-11eb-9ec1-d5d79c7b07b0','ll',NULL,0,'2020-12-31 19:40:57'),('d94d75c2-1544-4322-9a17-b586b5fbd872','bd918946-8974-4b98-bce4-50d613b71409','255ab890-451e-11eb-b639-09bd4e7b1a84','Great',NULL,0,'2020-12-25 13:01:30'),('de64a642-588b-480c-b8b2-20116de2e2e0','d4260450-3398-4e01-a68a-4aa957f1faf7','ffb7e0c0-4bfa-11eb-a64a-dff9590c10e8','hi',NULL,0,'2021-01-04 14:01:29'),('df91d65c-e65b-4711-a3f6-ed13972bf212','a1b6313b-3fd8-4c9f-b8ba-ae1137a43267','255ab890-451e-11eb-b639-09bd4e7b1a84','sbzbxbxb',NULL,0,'2020-12-25 09:17:52'),('e1c8510a-9dc6-4961-896d-d5724887789c','9cc55d6e-f928-48e3-ab11-439b2cb367f4','5d8f85c0-49b4-11eb-9ec1-d5d79c7b07b0','gg',NULL,0,'2021-01-13 12:52:00'),('e4cd9d64-3c1f-4252-971d-7e7516e09c33','a1b6313b-3fd8-4c9f-b8ba-ae1137a43267','255ab890-451e-11eb-b639-09bd4e7b1a84','sfjefsjsst',NULL,0,'2020-12-25 09:18:24'),('e7813215-89ca-43fd-8023-711826d1c6d2','d4260450-3398-4e01-a68a-4aa957f1faf7','a458bd70-5010-11eb-9744-43c4ef5adc55','Nice',NULL,0,'2021-01-30 11:15:36'),('e862b80b-31cf-4242-8582-643432579deb','d4260450-3398-4e01-a68a-4aa957f1faf7','a458bd70-5010-11eb-9744-43c4ef5adc55','Great',NULL,0,'2021-01-25 09:19:29'),('ea6856f4-1443-4642-a10f-26c04a836112','d4260450-3398-4e01-a68a-4aa957f1faf7','ffb7e0c0-4bfa-11eb-a64a-dff9590c10e8','hi',NULL,0,'2021-01-04 14:01:28'),('ed081d07-b526-4bde-8ea6-16ba4ac877d6','d4260450-3398-4e01-a68a-4aa957f1faf7','a458bd70-5010-11eb-9744-43c4ef5adc55','Very Good Products',NULL,0,'2021-01-30 11:15:23'),('ee76aa03-9bed-4c4e-a144-bf5305951af1','a1b6313b-3fd8-4c9f-b8ba-ae1137a43267','255ab890-451e-11eb-b639-09bd4e7b1a84','sbzbxbxb',NULL,0,'2020-12-25 09:17:51'),('f28b612f-4798-4d81-8d1e-df30e6e446fc','c78470df-a91a-4769-a2b6-8c87d9594ca6','a458bd70-5010-11eb-9744-43c4ef5adc55','Great',NULL,0,'2021-01-25 09:07:36'),('f3b2d6d1-22b3-4147-9e83-3d2c7ba9eb51','bd918946-8974-4b98-bce4-50d613b71409','a458bd70-5010-11eb-9744-43c4ef5adc55','Great t shirt',NULL,0,'2021-01-25 08:57:47'),('f6765ba7-d4d8-40c3-b918-b7ecf310c871','c78470df-a91a-4769-a2b6-8c87d9594ca6','tVrlWwLNaQcCk7naQBiHVrzZUal2','jhsj',NULL,0,'2021-01-23 12:27:36'),('f7b62dc1-5de1-4425-be97-8ee13a2bfc73','d4260450-3398-4e01-a68a-4aa957f1faf7','a458bd70-5010-11eb-9744-43c4ef5adc55','Hellow',NULL,0,'2021-01-25 09:06:54');
/*!40000 ALTER TABLE `comments` ENABLE KEYS */;
UNLOCK TABLES;

--
-- Table structure for table `follower`
--

DROP TABLE IF EXISTS `follower`;
/*!40101 SET @saved_cs_client     = @@character_set_client */;
/*!50503 SET character_set_client = utf8mb4 */;
CREATE TABLE `follower` (
  `id` int NOT NULL AUTO_INCREMENT,
  `user_id` char(50) NOT NULL,
  `f_id` char(50) NOT NULL,
  `timestamp` timestamp NULL DEFAULT CURRENT_TIMESTAMP,
  PRIMARY KEY (`id`)
) ENGINE=InnoDB AUTO_INCREMENT=85 DEFAULT CHARSET=utf8mb4 COLLATE=utf8mb4_0900_ai_ci;
/*!40101 SET character_set_client = @saved_cs_client */;

--
-- Dumping data for table `follower`
--

LOCK TABLES `follower` WRITE;
/*!40000 ALTER TABLE `follower` DISABLE KEYS */;
INSERT INTO `follower` VALUES (33,'b3870620-4521-11eb-b639-09bd4e7b1a84','cd340380-49ad-11eb-9a3c-fbf6dd4a6c8d','2020-12-29 08:47:17'),(34,'00217ef0-451f-11eb-b639-09bd4e7b1a84','cd340380-49ad-11eb-9a3c-fbf6dd4a6c8d','2020-12-29 08:47:22'),(35,'255ab890-451e-11eb-b639-09bd4e7b1a84','cd340380-49ad-11eb-9a3c-fbf6dd4a6c8d','2020-12-29 08:47:25'),(36,'00217ef0-451f-11eb-b639-09bd4e7b1a84','b3870620-4521-11eb-b639-09bd4e7b1a84','2020-12-29 08:50:27'),(37,'255ab890-451e-11eb-b639-09bd4e7b1a84','b3870620-4521-11eb-b639-09bd4e7b1a84','2020-12-29 08:50:33'),(38,'b3870620-4521-11eb-b639-09bd4e7b1a84','255ab890-451e-11eb-b639-09bd4e7b1a84','2020-12-29 08:51:33'),(43,'00217ef0-451f-11eb-b639-09bd4e7b1a84','255ab890-451e-11eb-b639-09bd4e7b1a84','2020-12-31 07:20:14'),(44,'5d8f85c0-49b4-11eb-9ec1-d5d79c7b07b0','255ab890-451e-11eb-b639-09bd4e7b1a84','2020-12-31 07:20:36'),(49,'255ab890-451e-11eb-b639-09bd4e7b1a84','3504759192903126','2021-01-06 07:29:59'),(69,'255ab890-451e-11eb-b639-09bd4e7b1a84','a458bd70-5010-11eb-9744-43c4ef5adc55','2021-01-06 12:43:27'),(73,'00217ef0-451f-11eb-b639-09bd4e7b1a84','5d8f85c0-49b4-11eb-9ec1-d5d79c7b07b0','2021-01-13 12:48:42'),(74,'255ab890-451e-11eb-b639-09bd4e7b1a84','5d8f85c0-49b4-11eb-9ec1-d5d79c7b07b0','2021-01-16 11:15:32'),(75,'00217ef0-451f-11eb-b639-09bd4e7b1a84','tVrlWwLNaQcCk7naQBiHVrzZUal2','2021-01-23 12:38:15'),(76,'255ab890-451e-11eb-b639-09bd4e7b1a84','tVrlWwLNaQcCk7naQBiHVrzZUal2','2021-01-23 12:41:24'),(77,'5d8f85c0-49b4-11eb-9ec1-d5d79c7b07b0','tVrlWwLNaQcCk7naQBiHVrzZUal2','2021-01-23 12:41:56'),(78,'00217ef0-451f-11eb-b639-09bd4e7b1a84','a458bd70-5010-11eb-9744-43c4ef5adc55','2021-01-27 09:34:17'),(79,'tVrlWwLNaQcCk7naQBiHVrzZUal2','a458bd70-5010-11eb-9744-43c4ef5adc55','2021-01-28 10:55:39'),(82,'00217ef0-451f-11eb-b639-09bd4e7b1a84','83f9b0f0-6791-11eb-8fcb-f76ed9a4c980','2021-02-05 11:05:59'),(84,'255ab890-451e-11eb-b639-09bd4e7b1a84','0f685760-6790-11eb-a4ac-a7771a50da8e','2021-02-09 08:34:54');
/*!40000 ALTER TABLE `follower` ENABLE KEYS */;
UNLOCK TABLES;

--
-- Table structure for table `following`
--

DROP TABLE IF EXISTS `following`;
/*!40101 SET @saved_cs_client     = @@character_set_client */;
/*!50503 SET character_set_client = utf8mb4 */;
CREATE TABLE `following` (
  `id` int NOT NULL AUTO_INCREMENT,
  `user_id` char(50) NOT NULL,
  `f_id` char(50) NOT NULL,
  `timestamp` timestamp NULL DEFAULT CURRENT_TIMESTAMP,
  PRIMARY KEY (`id`)
) ENGINE=InnoDB AUTO_INCREMENT=85 DEFAULT CHARSET=utf8mb4 COLLATE=utf8mb4_0900_ai_ci;
/*!40101 SET character_set_client = @saved_cs_client */;

--
-- Dumping data for table `following`
--

LOCK TABLES `following` WRITE;
/*!40000 ALTER TABLE `following` DISABLE KEYS */;
INSERT INTO `following` VALUES (33,'cd340380-49ad-11eb-9a3c-fbf6dd4a6c8d','b3870620-4521-11eb-b639-09bd4e7b1a84','2020-12-29 08:47:17'),(34,'cd340380-49ad-11eb-9a3c-fbf6dd4a6c8d','00217ef0-451f-11eb-b639-09bd4e7b1a84','2020-12-29 08:47:22'),(35,'cd340380-49ad-11eb-9a3c-fbf6dd4a6c8d','255ab890-451e-11eb-b639-09bd4e7b1a84','2020-12-29 08:47:25'),(36,'b3870620-4521-11eb-b639-09bd4e7b1a84','00217ef0-451f-11eb-b639-09bd4e7b1a84','2020-12-29 08:50:27'),(37,'b3870620-4521-11eb-b639-09bd4e7b1a84','255ab890-451e-11eb-b639-09bd4e7b1a84','2020-12-29 08:50:33'),(38,'255ab890-451e-11eb-b639-09bd4e7b1a84','b3870620-4521-11eb-b639-09bd4e7b1a84','2020-12-29 08:51:33'),(43,'255ab890-451e-11eb-b639-09bd4e7b1a84','00217ef0-451f-11eb-b639-09bd4e7b1a84','2020-12-31 07:20:14'),(44,'255ab890-451e-11eb-b639-09bd4e7b1a84','5d8f85c0-49b4-11eb-9ec1-d5d79c7b07b0','2020-12-31 07:20:36'),(49,'3504759192903126','255ab890-451e-11eb-b639-09bd4e7b1a84','2021-01-06 07:29:59'),(69,'a458bd70-5010-11eb-9744-43c4ef5adc55','255ab890-451e-11eb-b639-09bd4e7b1a84','2021-01-06 12:43:27'),(73,'5d8f85c0-49b4-11eb-9ec1-d5d79c7b07b0','00217ef0-451f-11eb-b639-09bd4e7b1a84','2021-01-13 12:48:42'),(74,'5d8f85c0-49b4-11eb-9ec1-d5d79c7b07b0','255ab890-451e-11eb-b639-09bd4e7b1a84','2021-01-16 11:15:32'),(75,'tVrlWwLNaQcCk7naQBiHVrzZUal2','00217ef0-451f-11eb-b639-09bd4e7b1a84','2021-01-23 12:38:15'),(76,'tVrlWwLNaQcCk7naQBiHVrzZUal2','255ab890-451e-11eb-b639-09bd4e7b1a84','2021-01-23 12:41:24'),(77,'tVrlWwLNaQcCk7naQBiHVrzZUal2','5d8f85c0-49b4-11eb-9ec1-d5d79c7b07b0','2021-01-23 12:41:56'),(78,'a458bd70-5010-11eb-9744-43c4ef5adc55','00217ef0-451f-11eb-b639-09bd4e7b1a84','2021-01-27 09:34:17'),(79,'a458bd70-5010-11eb-9744-43c4ef5adc55','tVrlWwLNaQcCk7naQBiHVrzZUal2','2021-01-28 10:55:39'),(82,'83f9b0f0-6791-11eb-8fcb-f76ed9a4c980','00217ef0-451f-11eb-b639-09bd4e7b1a84','2021-02-05 11:05:59'),(84,'0f685760-6790-11eb-a4ac-a7771a50da8e','255ab890-451e-11eb-b639-09bd4e7b1a84','2021-02-09 08:34:54');
/*!40000 ALTER TABLE `following` ENABLE KEYS */;
UNLOCK TABLES;

--
-- Table structure for table `hashtag`
--

DROP TABLE IF EXISTS `hashtag`;
/*!40101 SET @saved_cs_client     = @@character_set_client */;
/*!50503 SET character_set_client = utf8mb4 */;
CREATE TABLE `hashtag` (
  `id` bigint NOT NULL AUTO_INCREMENT,
  `name` char(150) NOT NULL,
  `countPost` bigint NOT NULL DEFAULT '0',
  PRIMARY KEY (`id`),
  UNIQUE KEY `name` (`name`)
) ENGINE=InnoDB AUTO_INCREMENT=105 DEFAULT CHARSET=utf8mb4 COLLATE=utf8mb4_0900_ai_ci;
/*!40101 SET character_set_client = @saved_cs_client */;

--
-- Dumping data for table `hashtag`
--

LOCK TABLES `hashtag` WRITE;
/*!40000 ALTER TABLE `hashtag` DISABLE KEYS */;
INSERT INTO `hashtag` VALUES (25,'#hello',24),(26,'#name',24),(55,'#ghr',10),(56,'#kkl',10),(75,'#hello @zara_1',1),(76,'',3),(79,'#Grete',4),(80,' #likeforlike #shareforshare',1),(82,' #likeforlike #shareforshare  @zara_6',2),(94,' #likeforlike #shareforshare  @zara_\n',1);
/*!40000 ALTER TABLE `hashtag` ENABLE KEYS */;
UNLOCK TABLES;

--
-- Table structure for table `item_data_history`
--

DROP TABLE IF EXISTS `item_data_history`;
/*!40101 SET @saved_cs_client     = @@character_set_client */;
/*!50503 SET character_set_client = utf8mb4 */;
CREATE TABLE `item_data_history` (
  `id` char(100) NOT NULL,
  `user_id` char(50) NOT NULL,
  `clicks` bigint NOT NULL DEFAULT '0',
  `action` varchar(50) NOT NULL,
  `timestamp` timestamp NULL DEFAULT CURRENT_TIMESTAMP
) ENGINE=InnoDB DEFAULT CHARSET=utf8mb4 COLLATE=utf8mb4_0900_ai_ci;
/*!40101 SET character_set_client = @saved_cs_client */;

--
-- Dumping data for table `item_data_history`
--

LOCK TABLES `item_data_history` WRITE;
/*!40000 ALTER TABLE `item_data_history` DISABLE KEYS */;
/*!40000 ALTER TABLE `item_data_history` ENABLE KEYS */;
UNLOCK TABLES;

--
-- Table structure for table `items`
--

DROP TABLE IF EXISTS `items`;
/*!40101 SET @saved_cs_client     = @@character_set_client */;
/*!50503 SET character_set_client = utf8mb4 */;
CREATE TABLE `items` (
  `id` char(100) NOT NULL,
  `user_id` char(50) NOT NULL,
  `name` char(50) NOT NULL,
  `image` longtext NOT NULL,
  `category_id` int DEFAULT NULL,
  `brand_id` int DEFAULT NULL,
  `color_id` int DEFAULT NULL,
  `size_id` int DEFAULT NULL,
  `gender` char(10) DEFAULT NULL,
  `description` text,
  `price` char(100) DEFAULT NULL,
  `link` char(200) NOT NULL,
  `clicks` bigint NOT NULL DEFAULT '0',
  `created_at` timestamp NULL DEFAULT CURRENT_TIMESTAMP,
  `updated_at` timestamp NULL DEFAULT NULL ON UPDATE CURRENT_TIMESTAMP,
  PRIMARY KEY (`id`)
) ENGINE=InnoDB DEFAULT CHARSET=utf8mb4 COLLATE=utf8mb4_0900_ai_ci;
/*!40101 SET character_set_client = @saved_cs_client */;

--
-- Dumping data for table `items`
--

LOCK TABLES `items` WRITE;
/*!40000 ALTER TABLE `items` DISABLE KEYS */;
INSERT INTO `items` VALUES ('0064da8a-9751-4fb9-8717-89dee87a2125','00217ef0-451f-11eb-b639-09bd4e7b1a84','Top','/upload_images/item/375363560326_5107044800_1_1_1.jpg,/upload_images/item/926461991383_5107044800_6_1_1.jpg,/upload_images/item/418729793997_5107044800_6_2_1.jpg,/upload_images/item/369425641283_5107044800_6_3_1.jpg',5,1,1,2,'male','Top','2999','www.zara.com',0,'2020-12-25 09:41:59','2021-01-16 09:12:18'),('09b2a496-554c-4b04-904c-5b5e2033d37f','80802e20-4ec5-11eb-9adb-abc6087f97dd','Jacket','/upload_images/item/418968730136_6985300401_6_1_1.jpg,/upload_images/item/706209119904_6985300401_6_2_1.jpg,/upload_images/item/808218219729_6985300401_6_3_1.jpg,/upload_images/item/954630711960_6985300401_6_4_1.jpg,/upload_images/item/880145372616_6985302401_1_1_1.jpg,/upload_images/item/956228051025_6985302401_2_1_1.jpg,/upload_images/item/794641700923_6985302401_2_2_1.jpg,/upload_images/item/879203167999_6985302401_2_3_1.jpg,/upload_images/item/860895128681_sustainability-extrainfo-label-JL7_0.jpg',3,1,2,1,'female','123','5000','www.zara.com',0,'2021-01-04 19:59:38','2021-01-16 09:12:18'),('0b063d53-17e6-4a61-a904-f20b3b5643c5','80802e20-4ec5-11eb-9adb-abc6087f97dd','Aman','/upload_images/item/418968730136_6985300401_6_1_1.jpg,/upload_images/item/706209119904_6985300401_6_2_1.jpg,/upload_images/item/808218219729_6985300401_6_3_1.jpg,/upload_images/item/954630711960_6985300401_6_4_1.jpg,/upload_images/item/880145372616_6985302401_1_1_1.jpg,/upload_images/item/956228051025_6985302401_2_1_1.jpg,/upload_images/item/794641700923_6985302401_2_2_1.jpg,/upload_images/item/879203167999_6985302401_2_3_1.jpg,/upload_images/item/860895128681_sustainability-extrainfo-label-JL7_0.jpg,/upload_images/item/418968730136_6985300401_6_1_1.jpg,/upload_images/item/706209119904_6985300401_6_2_1.jpg,/upload_images/item/808218219729_6985300401_6_3_1.jpg,/upload_images/item/954630711960_6985300401_6_4_1.jpg,/upload_images/item/880145372616_6985302401_1_1_1.jpg,/upload_images/item/956228051025_6985302401_2_1_1.jpg,/upload_images/item/794641700923_6985302401_2_2_1.jpg,/upload_images/item/879203167999_6985302401_2_3_1.jpg,/upload_images/item/860895128681_sustainability-extrainfo-label-JL7_0.jpg',6,1,1,1,'female','4949','5000','www.zara.com',0,'2021-01-04 20:01:05','2021-01-16 09:12:18'),('161aaad7-84d9-4e56-8d58-ec26cd666f5c','00217ef0-451f-11eb-b639-09bd4e7b1a84','Roadster Hoodie','/upload_images/item/664938975715_myntra-suits-500x500.jpg',2,6,1,1,'male','Green Hoodie','350','http://www.Myntra.com',0,'2020-12-17 07:03:50','2021-01-16 09:12:18'),('25566a83-774d-46e8-a180-acc1f847e6c7','a458bd70-5010-11eb-9744-43c4ef5adc55','Men','https://rukminim1.flixcart.com/image/714/857/kjn6qvk0-0/shirt/c/9/q/xl-32907-0063-levi-s-original-imafz63dyjremcsj.jpeg?q=50',3,1,NULL,NULL,NULL,'Men Regular Fit Checkered Spread Collar Casual Shirt','1,699','www.zara.com',0,'2021-02-01 10:42:47','2021-02-01 11:05:06'),('2e70d484-7a5f-4d77-95d4-eebffd02035f','a458bd70-5010-11eb-9744-43c4ef5adc55','Typography','https://rukminim1.flixcart.com/image/714/857/kjn6qvk0-0/shirt/c/9/q/xl-32907-0063-levi-s-original-imafz63dyjremcsj.jpeg?q=50,https://rukminim1.flixcart.com/image/714/857/kg9qbgw0-0/t-shirt/c/0/7/s-shp395402-shapphr-original-imafwjx7tnbqqqhz.jpeg?q=50,https://rukminim1.flixcart.com/image/180/180/kg9qbgw0-0/t-shirt/o/v/f/xl-shp395402-shapphr-original-imafwjx7wqgcznvx.jpeg?q=50,https://rukminim1.flixcart.com/image/180/180/kk1h5e80/t-shirt/y/j/s/m-shp395402-shapphr-original-imafzhc3np9j7s3c.jpeg?q=50,https://rukminim1.flixcart.com/image/180/180/kg9qbgw0-0/t-shirt/c/0/7/s-shp395402-shapphr-original-imafwjx7tnbqqqhz.jpeg?q=50,https://rukminim1.flixcart.com/image/180/180/kg9qbgw0-0/t-shirt/l/a/9/l-shp395402-shapphr-original-imafwjx79mehdfcz.jpeg?q=50,https://rukminim1.flixcart.com/image/714/857/kg9qbgw0-0/t-shirt/c/0/7/s-shp395402-shapphr-original-imafwjx7tnbqqqhz.jpeg?q=50,https://rukminim1.flixcart.com/image/180/180/kg9qbgw0-0/t-shirt/o/v/f/xl-shp395402-shapphr-original-imafwjx7wqgcznvx.jpeg?q=50,https://rukminim1.flixcart.com/image/180/180/kk1h5e80/t-shirt/y/j/s/m-shp395402-shapphr-original-imafzhc3np9j7s3c.jpeg?q=50,https://rukminim1.flixcart.com/image/180/180/kg9qbgw0-0/t-shirt/c/0/7/s-shp395402-shapphr-original-imafwjx7tnbqqqhz.jpeg?q=50',8,1,NULL,NULL,NULL,'Typography Men Hooded Neck Orange, White, Black T-Shirt','278','www.zara.com',0,'2021-02-01 11:04:25',NULL),('40d9e77d-8300-42c2-b604-6e6dc19eb381','00217ef0-451f-11eb-b639-09bd4e7b1a84','Roadster Hoodie','/upload_images/item/285505817941_1babbc83-d5b8-4a0a-8858-3c4489c1decd1567682718128-Roadster-Men-Grey-Melange-Solid-Hooded-Sweatshirt-4421567682-4.jpg',2,6,2,2,'female','Great Hoodie by Myntra','350','http://www.Myntra.com',0,'2020-12-17 05:04:49','2021-01-16 09:12:18'),('45eac3d1-a160-4493-aaef-89e15e1701e2','255ab890-451e-11eb-b639-09bd4e7b1a84','Top','/upload_images/item/866758761897_8871457050_2_1_1.jpg,/upload_images/item/358382294270_8871457050_2_2_1.jpg,/upload_images/item/613937962593_8871457050_6_1_1.jpg',5,1,1,3,'female','top','3268','www.zara.com',0,'2020-12-25 12:10:21','2021-01-16 09:12:18'),('4659c3ca-2379-4ca3-880c-dad27cb46266','a458bd70-5010-11eb-9744-43c4ef5adc55','Zara','/upload_images/item/591810361747_0296904800_1_1_1.jpg,/upload_images/item/153940367439_1014309800_6_1_1.jpg,/upload_images/item/734313764141_img-large-landscape-0de42c295176c28aceaef9274989cfb7_0.jpg,/upload_images/item/998999986768_7513244400_1_1_1.jpg,/upload_images/item/231768037274_7513244400_2_1_1.jpg,/upload_images/item/622151133445_7513244400_2_2_1.jpg,/upload_images/item/753564969118_7513244400_2_3_1.jpg,/upload_images/item/839318942671_7513244400_2_4_1.jpg,/upload_images/item/802752567014_7513244400_2_5_1.jpg,/upload_images/item/485593130813_7513244400_6_1_1.jpg,/upload_images/item/355638646842_7513244400_6_2_1.jpg',7,1,NULL,NULL,NULL,'967854','99888','www.zara.com',0,'2021-01-23 06:16:30',NULL),('48a2eed0-bd53-4a7d-bfdb-48aeb0e094a6','b3870620-4521-11eb-b639-09bd4e7b1a84','Zara top','/upload_images/item/375363560326_5107044800_1_1_1.jpg,/upload_images/item/926461991383_5107044800_6_1_1.jpg,/upload_images/item/418729793997_5107044800_6_2_1.jpg,/upload_images/item/369425641283_5107044800_6_3_1.jpg,/upload_images/item/900296898191_0219436663_9_20_1.jpg,/upload_images/item/549717897763_8779631737_9_20_1.jpg',2,1,2,1,'male','top','2999','www.zara.com',0,'2020-12-25 09:49:59','2021-01-16 09:12:18'),('56fd1472-75af-4e7a-8b36-1edf35e31e50','a458bd70-5010-11eb-9744-43c4ef5adc55','Striped','https://rukminim1.flixcart.com/image/714/857/ke4kjgw0-0/t-shirt/r/w/x/s-101-try-this-original-imafuvgbqkvhtmwp.jpeg?q=50,https://rukminim1.flixcart.com/image/180/180/kfcv6vk0-0/t-shirt/k/p/q/s-is-try-this-original-imafvuf9w7uh7jcn.jpeg?q=50,https://rukminim1.flixcart.com/image/180/180/kfa0b680-0/t-shirt/z/8/g/xl-juy-try-this-original-imafvrpv6caapdaz.jpeg?q=50,https://rukminim1.flixcart.com/image/180/180/ke4kjgw0-0/t-shirt/r/w/x/s-101-try-this-original-imafuvgbqkvhtmwp.jpeg?q=50,https://rukminim1.flixcart.com/image/714/857/kf1fo280hlty2aw-0/t-shirt/w/s/e/-original-imafdfvvr8hqdu65.jpeg?q=50,https://rukminim1.flixcart.com/image/180/180/kf1fo280hlty2aw-0/t-shirt/w/s/e/-original-imafdfvvr8hqdu65.jpeg?q=50,https://rukminim1.flixcart.com/image/180/180/kf1fo280hlty2aw-0/t-shirt/3/8/m/-original-imafdfvvpffwfrxu.jpeg?q=50,https://rukminim1.flixcart.com/image/180/180/kf1fo280hlty2aw-0/t-shirt/w/d/m/-original-imafdfvvzrzu3nz8.jpeg?q=50,https://rukminim1.flixcart.com/image/180/180/kf1fo280hlty2aw-0/t-shirt/u/k/v/-original-imafdfvvyetxvgbf.jpeg?q=50',8,1,NULL,NULL,NULL,'Striped Men Hooded Neck Red, Black T-Shirt','284','www.zara.com',0,'2021-02-01 11:14:10',NULL),('684454e5-afe2-44cc-a2d6-fc46764eb7ef','a458bd70-5010-11eb-9744-43c4ef5adc55','Striped','https://rukminim1.flixcart.com/image/714/857/ke4kjgw0-0/t-shirt/r/w/x/s-101-try-this-original-imafuvgbqkvhtmwp.jpeg?q=50,https://rukminim1.flixcart.com/image/180/180/kfcv6vk0-0/t-shirt/k/p/q/s-is-try-this-original-imafvuf9w7uh7jcn.jpeg?q=50,https://rukminim1.flixcart.com/image/180/180/kfa0b680-0/t-shirt/z/8/g/xl-juy-try-this-original-imafvrpv6caapdaz.jpeg?q=50,https://rukminim1.flixcart.com/image/180/180/ke4kjgw0-0/t-shirt/r/w/x/s-101-try-this-original-imafuvgbqkvhtmwp.jpeg?q=50',8,1,NULL,NULL,NULL,'Striped Men Round Neck Blue, Yellow T-Shirt','440','www.zara.com',0,'2021-02-01 11:12:42',NULL),('699dc46f-be57-4b91-a386-cc46700939b4','255ab890-451e-11eb-b639-09bd4e7b1a84','Roadster Hoodie','/upload_images/item/374922296981_1babbc83-d5b8-4a0a-8858-3c4489c1decd1567682718128-Roadster-Men-Grey-Melange-Solid-Hooded-Sweatshirt-4421567682-4.jpg',2,6,3,2,'female','Great Hoodie by Myntra','350','http://www.Myntra.com',0,'2020-12-17 05:04:28','2021-01-16 09:12:18'),('6bcb3dc1-1b1e-490f-ae3b-d6fdd79cdd79','b3870620-4521-11eb-b639-09bd4e7b1a84','Top','/upload_images/item/866758761897_8871457050_2_1_1.jpg,/upload_images/item/358382294270_8871457050_2_2_1.jpg,/upload_images/item/613937962593_8871457050_6_1_1.jpg,/upload_images/item/866758761897_8871457050_2_1_1.jpg,/upload_images/item/358382294270_8871457050_2_2_1.jpg',6,1,3,3,'male','top','2345','www.zara.com',0,'2020-12-25 12:49:34','2021-01-16 09:12:18'),('a71744fb-542f-402b-aa73-f55fb24398c9','a458bd70-5010-11eb-9744-43c4ef5adc55','Men','https://rukminim1.flixcart.com/image/714/857/kjn6qvk0-0/shirt/c/9/q/xl-32907-0063-levi-s-original-imafz63dyjremcsj.jpeg?q=50',8,1,NULL,NULL,NULL,'Men Regular Fit Checkered Spread Collar Casual Shirt','1699','www.zara.com',0,'2021-02-01 10:39:15','2021-02-01 11:05:06'),('bf7c1751-0758-48f2-b770-42c254c32737','a458bd70-5010-11eb-9744-43c4ef5adc55','Typography','https://rukminim1.flixcart.com/image/714/857/kjn6qvk0-0/shirt/c/9/q/xl-32907-0063-levi-s-original-imafz63dyjremcsj.jpeg?q=50,https://rukminim1.flixcart.com/image/714/857/kg9qbgw0-0/t-shirt/c/0/7/s-shp395402-shapphr-original-imafwjx7tnbqqqhz.jpeg?q=50,https://rukminim1.flixcart.com/image/180/180/kg9qbgw0-0/t-shirt/o/v/f/xl-shp395402-shapphr-original-imafwjx7wqgcznvx.jpeg?q=50,https://rukminim1.flixcart.com/image/180/180/kk1h5e80/t-shirt/y/j/s/m-shp395402-shapphr-original-imafzhc3np9j7s3c.jpeg?q=50,https://rukminim1.flixcart.com/image/180/180/kg9qbgw0-0/t-shirt/c/0/7/s-shp395402-shapphr-original-imafwjx7tnbqqqhz.jpeg?q=50,https://rukminim1.flixcart.com/image/180/180/kg9qbgw0-0/t-shirt/l/a/9/l-shp395402-shapphr-original-imafwjx79mehdfcz.jpeg?q=50',8,1,NULL,NULL,NULL,'Typography Men Hooded Neck Orange, White, Black T-Shirt','278','www.zara.com',0,'2021-02-01 10:43:52','2021-02-01 11:05:06'),('c6a9ed8c-0b3b-4b19-bf18-2b5d6dd56d2b','5d8f85c0-49b4-11eb-9ec1-d5d79c7b07b0','Jacket black','/upload_images/item/903227019438_8574313401_3_1_1.jpg,/upload_images/item/267243126360_8574313800_1_1_1.jpg,/upload_images/item/229215948678_8574313800_2_1_1.jpg,/upload_images/item/664401543634_8574313800_2_2_1.jpg,/upload_images/item/821136493420_8574313800_2_3_1.jpg,/upload_images/item/976262512522_8574313800_6_1_1.jpg,/upload_images/item/624629636571_8574313800_6_2_1.jpg,/upload_images/item/478987553996_8574313800_6_3_1.jpg',4,1,2,3,'female','For winter','2000','www.zara.com',0,'2020-12-29 09:46:04','2021-01-16 09:12:18'),('e992e5e1-86fe-4180-8819-799cd3e60f93','a458bd70-5010-11eb-9744-43c4ef5adc55','Men','https://rukminim1.flixcart.com/image/714/857/khmbafk0-0/t-shirt/w/j/s/xs-t322-blwh-seven-rocks-original-imafxhagtyj2xvpn.jpeg?q=50,https://rukminim1.flixcart.com/image/180/180/khnqqa80-0/t-shirt/q/g/l/m-t322-cgbl-seven-rocks-original-imafxm9jvah3hrpk.jpeg?q=50,https://rukminim1.flixcart.com/image/180/180/khmbafk0-0/t-shirt/w/j/s/xs-t322-blwh-seven-rocks-original-imafxhagtyj2xvpn.jpeg?q=50,https://rukminim1.flixcart.com/image/180/180/khmbafk0-0/t-shirt/s/q/4/xs-t322-brwh-seven-rocks-original-imafxhaggadvtzhs.jpeg?q=50,https://rukminim1.flixcart.com/image/180/180/khnqqa80-0/t-shirt/q/g/l/m-t322-cgbl-seven-rocks-original-imafxm9jvah3hrpk.jpeg?q=50,https://rukminim1.flixcart.com/image/180/180/khnqqa80-0/t-shirt/q/g/l/m-t322-cgbl-seven-rocks-original-imafxm9jvah3hrpk.jpeg?q=50,https://rukminim1.flixcart.com/image/714/857/kh2b4i80/kids-t-shirt/g/q/e/4-5-years-kbs-try-this-original-imafx5qx9aatphw7.jpeg?q=50,https://rukminim1.flixcart.com/image/180/180/kh2b4i80/kids-t-shirt/g/q/e/4-5-years-kbs-try-this-original-imafx5qx9aatphw7.jpeg?q=50,https://rukminim1.flixcart.com/image/180/180/kfeamq80-0/shirt/m/c/o/xl-bss-try-this-original-imafvvadynndeegg.jpeg?q=50,https://rukminim1.flixcart.com/image/180/180/kf8kvbk0-0/t-shirt/r/0/v/m-hct06-headzup-original-imafvqsrgbatzpnz.jpeg?q=50',8,1,NULL,NULL,NULL,'Men Slim Fit Color Block Spread Collar Casual Shirt','394','www.zara.com',0,'2021-02-01 11:19:11',NULL),('eb79556a-fa63-48ec-b31c-cd3de97e0cf3','b3870620-4521-11eb-b639-09bd4e7b1a84','Roadster Hoodie','/upload_images/item/944105271964_1.jpg',2,6,2,1,'male','Great Hoodie by Myntra','350','http://www.Myntra.com',0,'2020-12-17 05:04:11','2021-01-16 09:12:18'),('f90b4352-65f5-4a21-b8a8-077cdc86137d','a458bd70-5010-11eb-9744-43c4ef5adc55','Color','https://rukminim1.flixcart.com/image/714/857/khmbafk0-0/t-shirt/w/j/s/xs-t322-blwh-seven-rocks-original-imafxhagtyj2xvpn.jpeg?q=50,https://rukminim1.flixcart.com/image/180/180/khnqqa80-0/t-shirt/q/g/l/m-t322-cgbl-seven-rocks-original-imafxm9jvah3hrpk.jpeg?q=50,https://rukminim1.flixcart.com/image/180/180/khmbafk0-0/t-shirt/w/j/s/xs-t322-blwh-seven-rocks-original-imafxhagtyj2xvpn.jpeg?q=50,https://rukminim1.flixcart.com/image/180/180/khmbafk0-0/t-shirt/s/q/4/xs-t322-brwh-seven-rocks-original-imafxhaggadvtzhs.jpeg?q=50,https://rukminim1.flixcart.com/image/180/180/khnqqa80-0/t-shirt/q/g/l/m-t322-cgbl-seven-rocks-original-imafxm9jvah3hrpk.jpeg?q=50,https://rukminim1.flixcart.com/image/180/180/khnqqa80-0/t-shirt/q/g/l/m-t322-cgbl-seven-rocks-original-imafxm9jvah3hrpk.jpeg?q=50',8,1,NULL,NULL,NULL,'Color Block Men Round Neck Black T-Shirt','454','www.zara.com',0,'2021-02-01 11:17:26',NULL);
/*!40000 ALTER TABLE `items` ENABLE KEYS */;
UNLOCK TABLES;

--
-- Table structure for table `like_post`
--

DROP TABLE IF EXISTS `like_post`;
/*!40101 SET @saved_cs_client     = @@character_set_client */;
/*!50503 SET character_set_client = utf8mb4 */;
CREATE TABLE `like_post` (
  `id` int NOT NULL AUTO_INCREMENT,
  `post_id` char(50) NOT NULL,
  `user_id` char(50) NOT NULL,
  `isLiked` tinyint(1) NOT NULL,
  `timestamp` timestamp NOT NULL DEFAULT CURRENT_TIMESTAMP,
  PRIMARY KEY (`id`)
) ENGINE=InnoDB AUTO_INCREMENT=95 DEFAULT CHARSET=utf8mb4 COLLATE=utf8mb4_0900_ai_ci;
/*!40101 SET character_set_client = @saved_cs_client */;

--
-- Dumping data for table `like_post`
--

LOCK TABLES `like_post` WRITE;
/*!40000 ALTER TABLE `like_post` DISABLE KEYS */;
INSERT INTO `like_post` VALUES (55,'d4260450-3398-4e01-a68a-4aa957f1faf7','00217ef0-451f-11eb-b639-09bd4e7b1a84',1,'2020-12-24 06:18:24'),(56,'d4260450-3398-4e01-a68a-4aa957f1faf7','b3870620-4521-11eb-b639-09bd4e7b1a84',1,'2020-12-24 06:18:24'),(57,'f3d02c0b-64fe-49f7-bbba-174f0b1f388a','b3870620-4521-11eb-b639-09bd4e7b1a84',0,'2020-12-24 06:18:24'),(58,'f3d02c0b-64fe-49f7-bbba-174f0b1f388a','13b73dc0-4523-11eb-b639-09bd4e7b1a84',1,'2020-12-24 06:18:24'),(59,'a1b6313b-3fd8-4c9f-b8ba-ae1137a43267','255ab890-451e-11eb-b639-09bd4e7b1a84',1,'2020-12-24 06:18:24'),(60,'a1b6313b-3fd8-4c9f-b8ba-ae1137a43267','b3870620-4521-11eb-b639-09bd4e7b1a84',1,'2020-12-24 08:58:45'),(61,'950e3b0a-e3fb-49a5-979e-1941e92ca0cb','b3870620-4521-11eb-b639-09bd4e7b1a84',1,'2020-12-24 09:31:35'),(62,'35600fb2-3e81-404e-8966-59ca2def6d8e','255ab890-451e-11eb-b639-09bd4e7b1a84',0,'2020-12-25 09:53:49'),(63,'4e10e296-2e6b-4693-adb4-c149d2fa95db','b3870620-4521-11eb-b639-09bd4e7b1a84',1,'2020-12-25 10:41:20'),(64,'ce798ae3-b9b6-47be-a90b-3a234ec90b0a','255ab890-451e-11eb-b639-09bd4e7b1a84',0,'2020-12-25 10:52:36'),(65,'bd918946-8974-4b98-bce4-50d613b71409','255ab890-451e-11eb-b639-09bd4e7b1a84',1,'2020-12-25 13:01:06'),(66,'a1b6313b-3fd8-4c9f-b8ba-ae1137a43267','00217ef0-451f-11eb-b639-09bd4e7b1a84',1,'2020-12-28 07:02:48'),(67,'d4260450-3398-4e01-a68a-4aa957f1faf7','5d8f85c0-49b4-11eb-9ec1-d5d79c7b07b0',1,'2020-12-29 12:36:03'),(68,'30fc84a4-fb47-4742-850b-d6e6dd20463f','255ab890-451e-11eb-b639-09bd4e7b1a84',1,'2020-12-30 05:15:07'),(69,'9cc55d6e-f928-48e3-ab11-439b2cb367f4','255ab890-451e-11eb-b639-09bd4e7b1a84',1,'2020-12-31 05:27:44'),(70,'d4260450-3398-4e01-a68a-4aa957f1faf7','a458bd70-5010-11eb-9744-43c4ef5adc55',1,'2021-01-07 07:13:07'),(71,'72e4a578-dcc9-485d-8422-2101cab408e1','a458bd70-5010-11eb-9744-43c4ef5adc55',1,'2021-01-08 11:00:17'),(72,'c78470df-a91a-4769-a2b6-8c87d9594ca6','a458bd70-5010-11eb-9744-43c4ef5adc55',1,'2021-01-09 07:13:01'),(73,'30fc84a4-fb47-4742-850b-d6e6dd20463f','a458bd70-5010-11eb-9744-43c4ef5adc55',1,'2021-01-09 08:44:35'),(74,'bd918946-8974-4b98-bce4-50d613b71409','a458bd70-5010-11eb-9744-43c4ef5adc55',1,'2021-01-09 08:46:54'),(75,'9cc55d6e-f928-48e3-ab11-439b2cb367f4','a458bd70-5010-11eb-9744-43c4ef5adc55',1,'2021-01-09 08:47:00'),(76,'a0276b09-8864-43d7-aff9-33af81a965fb','a458bd70-5010-11eb-9744-43c4ef5adc55',1,'2021-01-12 12:19:32'),(77,'f829168c-f093-494c-aa29-aaef6bdb5b77','a458bd70-5010-11eb-9744-43c4ef5adc55',1,'2021-01-16 06:54:39'),(78,'9cc55d6e-f928-48e3-ab11-439b2cb367f4','5d8f85c0-49b4-11eb-9ec1-d5d79c7b07b0',0,'2021-01-16 11:24:51'),(79,'35600fb2-3e81-404e-8966-59ca2def6d8e','5d8f85c0-49b4-11eb-9ec1-d5d79c7b07b0',1,'2021-01-16 11:25:42'),(80,'15262deb-31b4-40d7-97a2-71902cc75518','a458bd70-5010-11eb-9744-43c4ef5adc55',1,'2021-01-16 12:42:26'),(81,'30fc84a4-fb47-4742-850b-d6e6dd20463f','80802e20-4ec5-11eb-9adb-abc6087f97dd',0,'2021-01-19 04:39:12'),(82,'dce7f20c-dea4-4063-bbb8-007cdf359df5','a458bd70-5010-11eb-9744-43c4ef5adc55',1,'2021-01-19 06:38:42'),(83,'d4260450-3398-4e01-a68a-4aa957f1faf7','tVrlWwLNaQcCk7naQBiHVrzZUal2',1,'2021-01-23 12:14:06'),(84,'c78470df-a91a-4769-a2b6-8c87d9594ca6','tVrlWwLNaQcCk7naQBiHVrzZUal2',1,'2021-01-23 12:15:59'),(85,'f829168c-f093-494c-aa29-aaef6bdb5b77','tVrlWwLNaQcCk7naQBiHVrzZUal2',1,'2021-01-23 12:16:28'),(86,'35600fb2-3e81-404e-8966-59ca2def6d8e','tVrlWwLNaQcCk7naQBiHVrzZUal2',1,'2021-01-23 12:17:28'),(87,'bd918946-8974-4b98-bce4-50d613b71409','tVrlWwLNaQcCk7naQBiHVrzZUal2',0,'2021-01-23 12:20:32'),(88,'30fc84a4-fb47-4742-850b-d6e6dd20463f','tVrlWwLNaQcCk7naQBiHVrzZUal2',1,'2021-01-23 12:30:14'),(89,'dce7f20c-dea4-4063-bbb8-007cdf359df5','tVrlWwLNaQcCk7naQBiHVrzZUal2',1,'2021-01-23 12:30:36'),(90,'99e389a2-fae9-4cec-ae7b-c78f77be2e0b','tVrlWwLNaQcCk7naQBiHVrzZUal2',1,'2021-01-23 12:52:37'),(91,'89e9b670-eba0-4a0c-8e51-85e4b483f38d','a458bd70-5010-11eb-9744-43c4ef5adc55',1,'2021-01-25 09:56:14'),(92,'d4260450-3398-4e01-a68a-4aa957f1faf7','80802e20-4ec5-11eb-9adb-abc6087f97dd',0,'2021-01-31 15:08:38'),(93,'d4260450-3398-4e01-a68a-4aa957f1faf7','0f685760-6790-11eb-a4ac-a7771a50da8e',1,'2021-02-05 12:22:53'),(94,'ce798ae3-b9b6-47be-a90b-3a234ec90b0a','0f685760-6790-11eb-a4ac-a7771a50da8e',1,'2021-02-08 04:53:50');
/*!40000 ALTER TABLE `like_post` ENABLE KEYS */;
UNLOCK TABLES;

--
-- Table structure for table `new_role_req`
--

DROP TABLE IF EXISTS `new_role_req`;
/*!40101 SET @saved_cs_client     = @@character_set_client */;
/*!50503 SET character_set_client = utf8mb4 */;
CREATE TABLE `new_role_req` (
  `id` char(50) NOT NULL,
  `username` char(50) NOT NULL,
  `role` char(50) NOT NULL,
  `status` varchar(50) NOT NULL DEFAULT 'pending',
  `timestamp` char(100) NOT NULL,
  PRIMARY KEY (`id`)
) ENGINE=InnoDB DEFAULT CHARSET=utf8mb4 COLLATE=utf8mb4_0900_ai_ci;
/*!40101 SET character_set_client = @saved_cs_client */;

--
-- Dumping data for table `new_role_req`
--

LOCK TABLES `new_role_req` WRITE;
/*!40000 ALTER TABLE `new_role_req` DISABLE KEYS */;
/*!40000 ALTER TABLE `new_role_req` ENABLE KEYS */;
UNLOCK TABLES;

--
-- Table structure for table `post`
--

DROP TABLE IF EXISTS `post`;
/*!40101 SET @saved_cs_client     = @@character_set_client */;
/*!50503 SET character_set_client = utf8mb4 */;
CREATE TABLE `post` (
  `id` char(50) NOT NULL,
  `image` longtext NOT NULL,
  `description` text NOT NULL,
  `likes` bigint NOT NULL DEFAULT '0',
  `share` int NOT NULL DEFAULT '0',
  `hashtag` text NOT NULL,
  `item_id` text NOT NULL,
  `items` longtext CHARACTER SET utf8mb4 COLLATE utf8mb4_bin NOT NULL,
  `user_id` char(50) NOT NULL,
  `savePost` bigint DEFAULT '0',
  `commentPost` bigint NOT NULL DEFAULT '0',
  `tagBrand` text NOT NULL,
  `region` char(50) NOT NULL DEFAULT 'IN',
  `height` int NOT NULL DEFAULT '0',
  `width` int NOT NULL DEFAULT '0',
  `reach` bigint NOT NULL DEFAULT '0',
  `impression` bigint NOT NULL DEFAULT '0',
  `created_at` timestamp NOT NULL DEFAULT CURRENT_TIMESTAMP,
  `updated_at` timestamp NULL DEFAULT NULL ON UPDATE CURRENT_TIMESTAMP,
  PRIMARY KEY (`id`)
) ENGINE=InnoDB DEFAULT CHARSET=utf8mb4 COLLATE=utf8mb4_0900_ai_ci;
/*!40101 SET character_set_client = @saved_cs_client */;

--
-- Dumping data for table `post`
--

LOCK TABLES `post` WRITE;
/*!40000 ALTER TABLE `post` DISABLE KEYS */;
INSERT INTO `post` VALUES ('15262deb-31b4-40d7-97a2-71902cc75518','/upload_images/post/399203837391_result.mp4','This Is demo',1,0,'#hello,#name',' ','','a458bd70-5010-11eb-9744-43c4ef5adc55',2,3,'','IN',1000,1000,0,0,'2021-01-16 12:42:11','2021-02-08 12:47:04'),('26db3815-0c97-4ae4-b854-61d8df51ecf0','/upload_images/post/876477169773_result.mp4','',0,0,'',' ','','a458bd70-5010-11eb-9744-43c4ef5adc55',0,0,'','IN',1000,1000,0,0,'2021-01-30 10:32:20',NULL),('296394ed-ca9a-4711-93f6-d2e9f0066fb9','/upload_images/post/363636685035_1608805685249.png','Tesla',0,0,'#hello,#name','161aaad7-84d9-4e56-8d58-ec26cd666f5c','[{\"id\":\"161aaad7-84d9-4e56-8d58-ec26cd666f5c\",\"name\":\"Roadster Hoodie\",\"offset\":\"218.9090909090909,218.9090909090909\"}]','b3870620-4521-11eb-b639-09bd4e7b1a84',1,0,'','IN',2250,1179,0,0,'2020-12-24 10:29:23','2021-01-28 09:21:12'),('29a34173-ccf8-4b96-b75f-86587e6e0bd0','/upload_images/post/190368277734_1612520093947.png','#hello#name',0,0,'','56fd1472-75af-4e7a-8b36-1edf35e31e50','[{\"id\":\"56fd1472-75af-4e7a-8b36-1edf35e31e50\",\"name\":\"Striped\",\"offset\":\"86.73667689732143,86.73667689732143\"}]','83f9b0f0-6791-11eb-8fcb-f76ed9a4c980',0,0,'','IN',2251,1235,0,0,'2021-02-05 10:16:25',NULL),('30fc84a4-fb47-4742-850b-d6e6dd20463f','/upload_images/post/318744838121_1609305258110.png','Orange Is New Black',3,0,'#hello,#name','48a2eed0-bd53-4a7d-bfdb-48aeb0e094a6,6bcb3dc1-1b1e-490f-ae3b-d6fdd79cdd79','[{\"id\":\"48a2eed0-bd53-4a7d-bfdb-48aeb0e094a6\",\"name\":\"Zara top\",\"offset\":\"212.72727272727272,212.72727272727272\"},{\"id\":\"6bcb3dc1-1b1e-490f-ae3b-d6fdd79cdd79\",\"name\":\"Top\",\"offset\":\"145.0909090909091,145.0909090909091\"}]','255ab890-451e-11eb-b639-09bd4e7b1a84',47,10,'','IN',2141,1179,0,0,'2020-12-30 05:14:49','2021-02-09 10:58:07'),('33dd1a46-68b0-4599-a60a-f679f6f06e7c','/upload_images/post/445768530711_1611382672760.png','new World fashion',0,0,'#hello,#name','45eac3d1-a160-4493-aaef-89e15e1701e2,4659c3ca-2379-4ca3-880c-dad27cb46266','[{\"id\":\"45eac3d1-a160-4493-aaef-89e15e1701e2\",\"name\":\"Top\",\"offset\":\"153.0909090909091,153.0909090909091\"},{\"id\":\"4659c3ca-2379-4ca3-880c-dad27cb46266\",\"name\":\"Zara\",\"offset\":\"244.72727272727272,244.72727272727272\"}]','a458bd70-5010-11eb-9744-43c4ef5adc55',0,0,'','IN',2186,1179,0,0,'2021-01-23 06:18:19',NULL),('35600fb2-3e81-404e-8966-59ca2def6d8e','/upload_images/post/881307550241_1608888892010.png','dhdhdd rfududi',2,0,'#hello,#name','48a2eed0-bd53-4a7d-bfdb-48aeb0e094a6,699dc46f-be57-4b91-a386-cc46700939b4','[{\"id\":\"48a2eed0-bd53-4a7d-bfdb-48aeb0e094a6\",\"name\":\"Zara top\",\"offset\":\"303.578369140625,303.578369140625\"},{\"id\":\"699dc46f-be57-4b91-a386-cc46700939b4\",\"name\":\"Roadster Hoodie\",\"offset\":\"303.578369140625,303.578369140625\"}]','255ab890-451e-11eb-b639-09bd4e7b1a84',6,5,'','IN',2251,1235,0,0,'2020-12-25 09:52:53','2021-02-05 09:21:16'),('4a200084-0206-48bf-9d68-0342126d9554','/upload_images/post/481449041620_result.mp4','demo',0,0,'#hello,#name',' ','','5d8f85c0-49b4-11eb-9ec1-d5d79c7b07b0',0,0,'','IN',1000,1000,0,0,'2021-01-16 11:11:08',NULL),('4b94a64a-3be9-4633-bc65-465f891ce3cf','/upload_images/post/825110306841_Large-Sample-png-Image-download-for-Testing.png,/upload_images/post/127450609683_file_example_MP4_480_1_5MG.mp4','ibcjdusihfjidsc kjdbsjkcds',0,0,'#ghr,#kkl','2944acda-9772-4451-a652-c60df5b20558,533fa030-a0f6-4b4c-8ad5-a475515508c8','[{\"id\":\"2944acda-9772-4451-a652-c60df5b20558\",\"name\":\"kaipan\",\"offset\":\"125\"},{\"id\":\"533fa030-a0f6-4b4c-8ad5-a475515508c8\",\"name\":\"kaipan\",\"offset\":\"125\"}]','a458bd70-5010-11eb-9744-43c4ef5adc55',0,0,'@zara,@kk','IN',100,100,0,0,'2021-02-09 09:56:34',NULL),('4e10e296-2e6b-4693-adb4-c149d2fa95db','/upload_images/post/734716825248_1608889492904.png','demo',1,0,'#hello,#name','0064da8a-9751-4fb9-8717-89dee87a2125','[{\"id\":\"0064da8a-9751-4fb9-8717-89dee87a2125\",\"name\":\"Top\",\"offset\":\"272.0,272.0\"}]','b3870620-4521-11eb-b639-09bd4e7b1a84',0,0,'','IN',2250,1179,0,0,'2020-12-25 09:45:12','2020-12-25 10:41:20'),('72e4a578-dcc9-485d-8422-2101cab408e1','/upload_images/post/767985460650_1610011406741.mp4','Nice Product',1,0,'#hello,#name',' ','','a458bd70-5010-11eb-9744-43c4ef5adc55',2,1,'','IN',1000,1000,0,0,'2021-01-07 09:46:42','2021-02-08 12:50:37'),('85fc8542-2e50-4fa9-9734-af7fa7ac7728','/upload_images/post/689669674256_result.mp4','#Grete, #likeforlike #shareforshare  @zara_\n',0,0,'#Grete, #likeforlike #shareforshare  @zara_\n',' ',' ','0f685760-6790-11eb-a4ac-a7771a50da8e',0,0,'6','IN',1000,1000,0,0,'2021-02-08 11:26:41',NULL),('89e9b670-eba0-4a0c-8e51-85e4b483f38d','/upload_images/post/907209617939_download.jpg,/upload_images/post/476783048502_sample-mp4-file (1).mp4','ibcjdusihfjidsc kjdbsjkcds',1,0,'#ghr,#kkl','2944acda-9772-4451-a652-c60df5b20558,533fa030-a0f6-4b4c-8ad5-a475515508c8','[\n  {\n    \"id\": \"2944acda-9772-4451-a652-c60df5b20558\",\n    \"name\": \"kaipan\",\n    \"offset\": \"125\"\n  },\n  {\n    \"id\": \"533fa030-a0f6-4b4c-8ad5-a475515508c8\",\n    \"name\": \"kaipan\",\n    \"offset\": \"125\"\n  }\n]','a458bd70-5010-11eb-9744-43c4ef5adc55',1,1,'@zara,@kk','IN',100,100,0,0,'2021-01-07 09:35:12','2021-02-05 09:37:34'),('90d11f06-130b-4e93-92ec-8e9666c77d64','/upload_images/post/104934668184_sample-mp4-file (1).mp4','ibcjdusihfjidsc kjdbsjkcds',0,0,'#ghr,#kkl','2944acda-9772-4451-a652-c60df5b20558,533fa030-a0f6-4b4c-8ad5-a475515508c8','[\n  {\n    \"id\": \"2944acda-9772-4451-a652-c60df5b20558\",\n    \"name\": \"kaipan\",\n    \"offset\": \"125\"\n  },\n  {\n    \"id\": \"533fa030-a0f6-4b4c-8ad5-a475515508c8\",\n    \"name\": \"kaipan\",\n    \"offset\": \"125\"\n  }\n]','a458bd70-5010-11eb-9744-43c4ef5adc55',0,0,'@zara,@kk','IN',100,100,0,0,'2021-02-08 11:18:49',NULL),('950e3b0a-e3fb-49a5-979e-1941e92ca0cb','/upload_images/post/512105046632_1608729732074.png','demo 2',1,0,'#hello,#name','161aaad7-84d9-4e56-8d58-ec26cd666f5c','[{\"id\":\"161aaad7-84d9-4e56-8d58-ec26cd666f5c\",\"name\":\"Roadster Hoodie\",\"offset\":\"256.0,256.0\"}]','b3870620-4521-11eb-b639-09bd4e7b1a84',2,0,'','IN',2250,1179,0,0,'2020-12-23 13:22:22','2021-01-28 09:22:36'),('99e389a2-fae9-4cec-ae7b-c78f77be2e0b','/upload_images/post/697587325720_1611406141178.png','hghjgj\n',1,0,'#hello,#name','0064da8a-9751-4fb9-8717-89dee87a2125,0b063d53-17e6-4a61-a904-f20b3b5643c5,09b2a496-554c-4b04-904c-5b5e2033d37f,699dc46f-be57-4b91-a386-cc46700939b4','[{\"id\":\"0064da8a-9751-4fb9-8717-89dee87a2125\",\"name\":\"Top\",\"offset\":\"190.0,190.0\"},{\"id\":\"0b063d53-17e6-4a61-a904-f20b3b5643c5\",\"name\":\"Aman\",\"offset\":\"236.0,236.0\"},{\"id\":\"09b2a496-554c-4b04-904c-5b5e2033d37f\",\"name\":\"Jacket\",\"offset\":\"227.5,227.5\"},{\"id\":\"699dc46f-be57-4b91-a386-cc46700939b4\",\"name\":\"Roadster Hoodie\",\"offset\":\"272.0,272.0\"}]','tVrlWwLNaQcCk7naQBiHVrzZUal2',1,3,'','IN',2004,1080,0,0,'2021-01-23 12:50:30','2021-02-05 09:39:28'),('9cc55d6e-f928-48e3-ab11-439b2cb367f4','/upload_images/post/880894304097_1608885069843.png','',2,0,'#hello,#name','699dc46f-be57-4b91-a386-cc46700939b4,161aaad7-84d9-4e56-8d58-ec26cd666f5c','[{\"id\":\"699dc46f-be57-4b91-a386-cc46700939b4\",\"name\":\"Roadster Hoodie\",\"offset\":\"315.56173270089283,315.56173270089283\"},{\"id\":\"161aaad7-84d9-4e56-8d58-ec26cd666f5c\",\"name\":\"Roadster Hoodie\",\"offset\":\"229.96632603236608,229.96632603236608\"}]','255ab890-451e-11eb-b639-09bd4e7b1a84',20,3,'','IN',2251,1235,0,0,'2020-12-25 08:32:32','2021-02-10 08:58:38'),('a0276b09-8864-43d7-aff9-33af81a965fb','/upload_images/post/382343391698_result.mp4','The Video Is Great',1,0,'#hello,#name',' ','','a458bd70-5010-11eb-9744-43c4ef5adc55',0,0,'','IN',1000,1000,0,0,'2021-01-12 12:19:07','2021-01-12 12:19:32'),('a1b6313b-3fd8-4c9f-b8ba-ae1137a43267','/upload_images/post/453974140202_1608787578176.png','free',3,0,'#hello,#name',' ','[]','b3870620-4521-11eb-b639-09bd4e7b1a84',0,34,'','IN',2250,1179,0,0,'2020-12-24 05:26:54','2020-12-28 07:02:48'),('a27ba0d5-5d6b-434e-9bdb-ae4c31b0ec06','/upload_images/post/678466560006_1611924844385.png','#hello @zara_1',0,0,'#hello @zara_1','c6a9ed8c-0b3b-4b19-bf18-2b5d6dd56d2b,0b063d53-17e6-4a61-a904-f20b3b5643c5','[{\"id\":\"c6a9ed8c-0b3b-4b19-bf18-2b5d6dd56d2b\",\"name\":\"Jacket black\",\"offset\":\"224.36363636363637,224.36363636363637\"},{\"id\":\"0b063d53-17e6-4a61-a904-f20b3b5643c5\",\"name\":\"Aman\",\"offset\":\"95.27272727272727,95.27272727272727\"}]','a458bd70-5010-11eb-9744-43c4ef5adc55',0,0,'','IN',2351,1179,0,0,'2021-01-29 12:54:55',NULL),('a96e0538-2c51-493a-9a71-ab589362e957','/upload_images/post/652218771346_1608876128092.png','Demo',0,0,'#hello,#name',' ','[]','b3870620-4521-11eb-b639-09bd4e7b1a84',0,0,'','IN',2250,1179,0,0,'2020-12-25 06:02:33',NULL),('abcf7e98-2fc8-47c9-9ea9-cb3b17e6e48d','/upload_images/post/694082783177_result.mp4','This Is Demo Post',0,0,'#hello,#name',' ','','a458bd70-5010-11eb-9744-43c4ef5adc55',0,0,'','IN',1000,1000,0,0,'2021-01-16 11:21:12',NULL),('af920bc2-5ed6-430b-8b95-63edc29c5bf8','/upload_images/post/710360290737_result.mp4','The product is great',0,0,'#hello,#name',' ','','tVrlWwLNaQcCk7naQBiHVrzZUal2',0,0,'','IN',1000,1000,0,0,'2021-01-12 13:23:16',NULL),('bb0a9dce-4c7b-4a1c-95df-93a0482471ef','/upload_images/post/799760363678_1608892985223.png','demo',0,0,'#hello,#name','48a2eed0-bd53-4a7d-bfdb-48aeb0e094a6,0064da8a-9751-4fb9-8717-89dee87a2125,161aaad7-84d9-4e56-8d58-ec26cd666f5c,40d9e77d-8300-42c2-b604-6e6dc19eb381','[{\"id\":\"48a2eed0-bd53-4a7d-bfdb-48aeb0e094a6\",\"name\":\"Zara top\",\"offset\":\"265.09090909090907,265.09090909090907\"},{\"id\":\"0064da8a-9751-4fb9-8717-89dee87a2125\",\"name\":\"Top\",\"offset\":\"254.9090909090909,254.9090909090909\"},{\"id\":\"161aaad7-84d9-4e56-8d58-ec26cd666f5c\",\"name\":\"Roadster Hoodie\",\"offset\":\"291.27272727272725,291.27272727272725\"},{\"id\":\"40d9e77d-8300-42c2-b604-6e6dc19eb381\",\"name\":\"Roadster Hoodie\",\"offset\":\"225.0909090909091,225.0909090909091\"}]','b3870620-4521-11eb-b639-09bd4e7b1a84',2,0,'','IN',2250,1179,0,0,'2020-12-25 10:43:43','2021-01-28 09:20:58'),('bd918946-8974-4b98-bce4-50d613b71409','/upload_images/post/263946661166_1608901217829.png','Christmas Tshirt By Zara',2,0,'#hello,#name',' ','[]','255ab890-451e-11eb-b639-09bd4e7b1a84',34,5,'','IN',2141,1179,0,0,'2020-12-25 13:00:37','2021-02-05 09:31:27'),('bd9646c4-1943-4516-bd81-0198927ab27f','/upload_images/post/341559008874_1612521629571.png','#hello',0,0,'','f90b4352-65f5-4a21-b8a8-077cdc86137d,e992e5e1-86fe-4180-8819-799cd3e60f93','[{\"id\":\"f90b4352-65f5-4a21-b8a8-077cdc86137d\",\"name\":\"Color\",\"offset\":\"168.33762904575892,168.33762904575892\"},{\"id\":\"e992e5e1-86fe-4180-8819-799cd3e60f93\",\"name\":\"Men\",\"offset\":\"122.11611502511161,122.11611502511161\"}]','83f9b0f0-6791-11eb-8fcb-f76ed9a4c980',0,0,'','IN',2251,1235,0,0,'2021-02-05 10:43:26',NULL),('c23782c7-0105-4ddd-bb5c-0b6d7238e6f2','/upload_images/post/301933853584_sample-mp4-file (1).mp4','ibcjdusihfjidsc kjdbsjkcds',0,0,'#ghr,#kkl',' ',' ','a458bd70-5010-11eb-9744-43c4ef5adc55',0,0,'@zara,@kk','IN',100,100,0,0,'2021-02-08 11:26:17',NULL),('c78470df-a91a-4769-a2b6-8c87d9594ca6','/upload_images/post/294683758510_1609132318353.png','Jeans ',2,0,'#hello,#name','0064da8a-9751-4fb9-8717-89dee87a2125','[{\"id\":\"0064da8a-9751-4fb9-8717-89dee87a2125\",\"name\":\"Top\",\"offset\":\"217.0,217.0\"}]','255ab890-451e-11eb-b639-09bd4e7b1a84',14,7,'','IN',2004,1080,0,0,'2020-12-28 05:12:54','2021-02-09 09:47:33'),('ce798ae3-b9b6-47be-a90b-3a234ec90b0a','/upload_images/post/737228024757_1608893308675.png','',1,0,'#hello,#name','161aaad7-84d9-4e56-8d58-ec26cd666f5c','[{\"id\":\"161aaad7-84d9-4e56-8d58-ec26cd666f5c\",\"name\":\"Roadster Hoodie\",\"offset\":\"154.64236886160714,154.64236886160714\"}]','255ab890-451e-11eb-b639-09bd4e7b1a84',1,2,'','IN',2251,1235,0,0,'2020-12-25 10:50:34','2021-02-08 04:53:54'),('cfbc9def-7a61-4d08-8edb-630c83fbb536','/upload_images/post/853322170219_sample-mp4-file (1).mp4','ibcjdusihfjidsc kjdbsjkcds',0,0,'#ghr,#kkl','2944acda-9772-4451-a652-c60df5b20558,533fa030-a0f6-4b4c-8ad5-a475515508c8','[{\"id\":\"2944acda-9772-4451-a652-c60df5b20558\",\"name\":\"kaipan\",\"offset\":\"125\"},{\"id\":\"533fa030-a0f6-4b4c-8ad5-a475515508c8\",\"name\":\"kaipan\",\"offset\":\"125\"}]','a458bd70-5010-11eb-9744-43c4ef5adc55',0,0,'@zara,@kk','IN',100,100,0,0,'2021-02-09 09:55:48',NULL),('d4260450-3398-4e01-a68a-4aa957f1faf7','/upload_images/post/972385802510_1608728584131.png','demo',6,0,'#hello,#name','699dc46f-be57-4b91-a386-cc46700939b4,161aaad7-84d9-4e56-8d58-ec26cd666f5c','[{\"id\":\"699dc46f-be57-4b91-a386-cc46700939b4\",\"name\":\"Roadster Hoodie\",\"offset\":\"78.54545454545455,78.54545454545455\"},{\"id\":\"161aaad7-84d9-4e56-8d58-ec26cd666f5c\",\"name\":\"Roadster Hoodie\",\"offset\":\"266.1818181818182,266.1818181818182\"}]','00217ef0-451f-11eb-b639-09bd4e7b1a84',56,23,'','IN',2250,1179,0,0,'2020-12-23 13:03:16','2021-02-09 11:51:08'),('d9a910f4-bfaa-45bb-a197-fe71abd3b132','/upload_images/post/847802798968_Large-Sample-png-Image-download-for-Testing.png,/upload_images/post/956171649064_sample-mp4-file (1).mp4','ibcjdusihfjidsc kjdbsjkcds',0,0,'#ghr,#kkl','2944acda-9772-4451-a652-c60df5b20558,533fa030-a0f6-4b4c-8ad5-a475515508c8','[{\"id\":\"2944acda-9772-4451-a652-c60df5b20558\",\"name\":\"kaipan\",\"offset\":\"125\"},{\"id\":\"533fa030-a0f6-4b4c-8ad5-a475515508c8\",\"name\":\"kaipan\",\"offset\":\"125\"}]','a458bd70-5010-11eb-9744-43c4ef5adc55',0,0,'@zara,@kk','IN',100,100,0,0,'2021-02-09 09:56:09',NULL),('d9c8b185-d783-48e6-b678-a64052b478ff','/upload_images/post/656917859470_Large-Sample-png-Image-download-for-Testing.png,/upload_images/post/149535065517_sample-mp4-file (1).mp4','ibcjdusihfjidsc kjdbsjkcds',0,0,'#ghr,#kkl','2944acda-9772-4451-a652-c60df5b20558,533fa030-a0f6-4b4c-8ad5-a475515508c8','[{\"id\":\"2944acda-9772-4451-a652-c60df5b20558\",\"name\":\"kaipan\",\"offset\":\"125\"},{\"id\":\"533fa030-a0f6-4b4c-8ad5-a475515508c8\",\"name\":\"kaipan\",\"offset\":\"125\"}]','a458bd70-5010-11eb-9744-43c4ef5adc55',0,0,'@zara,@kk','IN',100,100,0,0,'2021-02-09 09:56:00',NULL),('dce7f20c-dea4-4063-bbb8-007cdf359df5','/upload_images/post/462792988619_1611038185523.png','light freen top',2,0,'#hello,#name','45eac3d1-a160-4493-aaef-89e15e1701e2,c6a9ed8c-0b3b-4b19-bf18-2b5d6dd56d2b','[{\"id\":\"45eac3d1-a160-4493-aaef-89e15e1701e2\",\"name\":\"Top\",\"offset\":\"219.63636363636363,219.63636363636363\"},{\"id\":\"c6a9ed8c-0b3b-4b19-bf18-2b5d6dd56d2b\",\"name\":\"Jacket black\",\"offset\":\"91.27272727272727,91.27272727272727\"}]','a458bd70-5010-11eb-9744-43c4ef5adc55',3,2,'','IN',2186,1179,0,0,'2021-01-19 06:38:24','2021-02-09 10:58:13'),('f3d02c0b-64fe-49f7-bbba-174f0b1f388a','/upload_images/post/843792256761_1608729888794.png','Black Is New Dark',1,0,'#hello,#name','161aaad7-84d9-4e56-8d58-ec26cd666f5c,699dc46f-be57-4b91-a386-cc46700939b4,40d9e77d-8300-42c2-b604-6e6dc19eb381','[{\"id\":\"161aaad7-84d9-4e56-8d58-ec26cd666f5c\",\"name\":\"Roadster Hoodie\",\"offset\":\"180.72727272727272,180.72727272727272\"},{\"id\":\"699dc46f-be57-4b91-a386-cc46700939b4\",\"name\":\"Roadster Hoodie\",\"offset\":\"168.72727272727272,168.72727272727272\"},{\"id\":\"40d9e77d-8300-42c2-b604-6e6dc19eb381\",\"name\":\"Roadster Hoodie\",\"offset\":\"182.1818181818182,182.1818181818182\"}]','255ab890-451e-11eb-b639-09bd4e7b1a84',4,1,'','IN',2141,1179,0,0,'2020-12-23 13:25:09','2021-01-28 09:22:48');
/*!40000 ALTER TABLE `post` ENABLE KEYS */;
UNLOCK TABLES;

--
-- Table structure for table `post_data_history`
--

DROP TABLE IF EXISTS `post_data_history`;
/*!40101 SET @saved_cs_client     = @@character_set_client */;
/*!50503 SET character_set_client = utf8mb4 */;
CREATE TABLE `post_data_history` (
  `id` char(50) NOT NULL,
  `likes` bigint NOT NULL DEFAULT '0',
  `share` int NOT NULL DEFAULT '0',
  `user_id` char(50) NOT NULL,
  `savePost` bigint DEFAULT '0',
  `commentPost` bigint NOT NULL DEFAULT '0',
  `reach` bigint NOT NULL DEFAULT '0',
  `impression` bigint NOT NULL DEFAULT '0',
  `action` char(50) DEFAULT NULL,
  `timestamp` timestamp NOT NULL DEFAULT CURRENT_TIMESTAMP
) ENGINE=InnoDB DEFAULT CHARSET=utf8mb4 COLLATE=utf8mb4_0900_ai_ci;
/*!40101 SET character_set_client = @saved_cs_client */;

--
-- Dumping data for table `post_data_history`
--

LOCK TABLES `post_data_history` WRITE;
/*!40000 ALTER TABLE `post_data_history` DISABLE KEYS */;
INSERT INTO `post_data_history` VALUES ('d4260450-3398-4e01-a68a-4aa957f1faf7',0,0,'00217ef0-451f-11eb-b639-09bd4e7b1a84',0,0,0,0,'update','2020-12-23 13:03:58'),('d4260450-3398-4e01-a68a-4aa957f1faf7',0,0,'00217ef0-451f-11eb-b639-09bd4e7b1a84',0,1,0,0,'update','2020-12-23 13:03:59'),('d4260450-3398-4e01-a68a-4aa957f1faf7',0,0,'00217ef0-451f-11eb-b639-09bd4e7b1a84',0,2,0,0,'update','2020-12-23 13:04:00'),('d4260450-3398-4e01-a68a-4aa957f1faf7',0,0,'00217ef0-451f-11eb-b639-09bd4e7b1a84',0,3,0,0,'update','2020-12-23 13:04:01'),('d4260450-3398-4e01-a68a-4aa957f1faf7',0,0,'00217ef0-451f-11eb-b639-09bd4e7b1a84',0,4,0,0,'update','2020-12-23 13:04:01'),('d4260450-3398-4e01-a68a-4aa957f1faf7',0,0,'00217ef0-451f-11eb-b639-09bd4e7b1a84',0,5,0,0,'update','2020-12-23 13:04:01'),('d4260450-3398-4e01-a68a-4aa957f1faf7',0,0,'00217ef0-451f-11eb-b639-09bd4e7b1a84',0,6,0,0,'update','2020-12-23 13:04:01'),('d4260450-3398-4e01-a68a-4aa957f1faf7',0,0,'00217ef0-451f-11eb-b639-09bd4e7b1a84',0,7,0,0,'update','2020-12-23 13:04:02'),('d4260450-3398-4e01-a68a-4aa957f1faf7',0,0,'00217ef0-451f-11eb-b639-09bd4e7b1a84',0,8,0,0,'update','2020-12-23 13:04:13'),('d4260450-3398-4e01-a68a-4aa957f1faf7',0,0,'00217ef0-451f-11eb-b639-09bd4e7b1a84',0,9,0,0,'update','2020-12-23 13:05:34'),('d4260450-3398-4e01-a68a-4aa957f1faf7',1,0,'00217ef0-451f-11eb-b639-09bd4e7b1a84',0,9,0,0,'update','2020-12-23 13:16:16'),('d4260450-3398-4e01-a68a-4aa957f1faf7',1,0,'00217ef0-451f-11eb-b639-09bd4e7b1a84',1,9,0,0,'update','2020-12-23 13:16:17'),('d4260450-3398-4e01-a68a-4aa957f1faf7',1,0,'00217ef0-451f-11eb-b639-09bd4e7b1a84',2,9,0,0,'update','2020-12-23 13:16:54'),('d4260450-3398-4e01-a68a-4aa957f1faf7',1,0,'00217ef0-451f-11eb-b639-09bd4e7b1a84',3,9,0,0,'update','2020-12-23 13:16:55'),('d4260450-3398-4e01-a68a-4aa957f1faf7',1,0,'00217ef0-451f-11eb-b639-09bd4e7b1a84',4,9,0,0,'update','2020-12-23 13:17:17'),('d4260450-3398-4e01-a68a-4aa957f1faf7',0,0,'00217ef0-451f-11eb-b639-09bd4e7b1a84',4,9,0,0,'update','2020-12-23 13:19:45'),('950e3b0a-e3fb-49a5-979e-1941e92ca0cb',0,0,'b3870620-4521-11eb-b639-09bd4e7b1a84',0,0,0,0,'update','2020-12-23 13:23:53'),('d4260450-3398-4e01-a68a-4aa957f1faf7',1,0,'00217ef0-451f-11eb-b639-09bd4e7b1a84',4,9,0,0,'update','2020-12-23 13:31:07'),('f3d02c0b-64fe-49f7-bbba-174f0b1f388a',0,0,'255ab890-451e-11eb-b639-09bd4e7b1a84',0,0,0,0,'update','2020-12-23 13:31:11'),('950e3b0a-e3fb-49a5-979e-1941e92ca0cb',0,0,'b3870620-4521-11eb-b639-09bd4e7b1a84',0,1,0,0,'update','2020-12-23 13:32:53'),('f3d02c0b-64fe-49f7-bbba-174f0b1f388a',1,0,'255ab890-451e-11eb-b639-09bd4e7b1a84',0,0,0,0,'update','2020-12-23 13:33:06'),('f3d02c0b-64fe-49f7-bbba-174f0b1f388a',1,0,'255ab890-451e-11eb-b639-09bd4e7b1a84',1,0,0,0,'update','2020-12-23 13:33:08'),('d4260450-3398-4e01-a68a-4aa957f1faf7',2,0,'00217ef0-451f-11eb-b639-09bd4e7b1a84',4,9,0,0,'update','2020-12-23 13:33:51'),('f3d02c0b-64fe-49f7-bbba-174f0b1f388a',1,0,'255ab890-451e-11eb-b639-09bd4e7b1a84',2,0,0,0,'update','2020-12-23 13:36:34'),('a1b6313b-3fd8-4c9f-b8ba-ae1137a43267',0,0,'b3870620-4521-11eb-b639-09bd4e7b1a84',0,0,0,0,'update','2020-12-24 06:08:45'),('d4260450-3398-4e01-a68a-4aa957f1faf7',2,0,'00217ef0-451f-11eb-b639-09bd4e7b1a84',5,9,0,0,'update','2020-12-24 06:45:23'),('950e3b0a-e3fb-49a5-979e-1941e92ca0cb',0,0,'b3870620-4521-11eb-b639-09bd4e7b1a84',1,1,0,0,'update','2020-12-24 07:02:10'),('950e3b0a-e3fb-49a5-979e-1941e92ca0cb',0,0,'b3870620-4521-11eb-b639-09bd4e7b1a84',1,2,0,0,'update','2020-12-24 07:03:12'),('d4260450-3398-4e01-a68a-4aa957f1faf7',2,0,'00217ef0-451f-11eb-b639-09bd4e7b1a84',5,10,0,0,'update','2020-12-24 07:04:02'),('d4260450-3398-4e01-a68a-4aa957f1faf7',2,0,'00217ef0-451f-11eb-b639-09bd4e7b1a84',5,11,0,0,'update','2020-12-24 08:54:43'),('a1b6313b-3fd8-4c9f-b8ba-ae1137a43267',1,0,'b3870620-4521-11eb-b639-09bd4e7b1a84',0,0,0,0,'update','2020-12-24 08:58:45'),('950e3b0a-e3fb-49a5-979e-1941e92ca0cb',0,0,'b3870620-4521-11eb-b639-09bd4e7b1a84',1,3,0,0,'update','2020-12-24 09:31:35'),('f3d02c0b-64fe-49f7-bbba-174f0b1f388a',2,0,'255ab890-451e-11eb-b639-09bd4e7b1a84',2,0,0,0,'update','2020-12-24 09:31:45'),('f3d02c0b-64fe-49f7-bbba-174f0b1f388a',1,0,'255ab890-451e-11eb-b639-09bd4e7b1a84',2,0,0,0,'update','2020-12-24 09:32:22'),('950e3b0a-e3fb-49a5-979e-1941e92ca0cb',1,0,'b3870620-4521-11eb-b639-09bd4e7b1a84',1,3,0,0,'update','2020-12-24 09:34:49'),('f3d02c0b-64fe-49f7-bbba-174f0b1f388a',2,0,'255ab890-451e-11eb-b639-09bd4e7b1a84',2,0,0,0,'update','2020-12-24 09:37:21'),('950e3b0a-e3fb-49a5-979e-1941e92ca0cb',0,0,'b3870620-4521-11eb-b639-09bd4e7b1a84',1,3,0,0,'update','2020-12-24 09:37:23'),('f3d02c0b-64fe-49f7-bbba-174f0b1f388a',1,0,'255ab890-451e-11eb-b639-09bd4e7b1a84',2,0,0,0,'update','2020-12-24 09:39:05'),('f3d02c0b-64fe-49f7-bbba-174f0b1f388a',1,0,'255ab890-451e-11eb-b639-09bd4e7b1a84',3,0,0,0,'update','2020-12-24 09:51:44'),('f3d02c0b-64fe-49f7-bbba-174f0b1f388a',1,0,'255ab890-451e-11eb-b639-09bd4e7b1a84',3,1,0,0,'update','2020-12-24 09:51:46'),('f3d02c0b-64fe-49f7-bbba-174f0b1f388a',1,0,'255ab890-451e-11eb-b639-09bd4e7b1a84',3,2,0,0,'update','2020-12-24 09:51:47'),('f3d02c0b-64fe-49f7-bbba-174f0b1f388a',1,0,'255ab890-451e-11eb-b639-09bd4e7b1a84',3,3,0,0,'update','2020-12-24 09:52:18'),('f3d02c0b-64fe-49f7-bbba-174f0b1f388a',1,0,'255ab890-451e-11eb-b639-09bd4e7b1a84',3,4,0,0,'update','2020-12-24 09:52:33'),('a1b6313b-3fd8-4c9f-b8ba-ae1137a43267',2,0,'b3870620-4521-11eb-b639-09bd4e7b1a84',0,0,0,0,'update','2020-12-24 10:00:48'),('d4260450-3398-4e01-a68a-4aa957f1faf7',2,0,'00217ef0-451f-11eb-b639-09bd4e7b1a84',5,12,0,0,'update','2020-12-24 10:01:37'),('f3d02c0b-64fe-49f7-bbba-174f0b1f388a',1,0,'255ab890-451e-11eb-b639-09bd4e7b1a84',3,5,0,0,'update','2020-12-24 10:02:43'),('a1b6313b-3fd8-4c9f-b8ba-ae1137a43267',2,0,'b3870620-4521-11eb-b639-09bd4e7b1a84',0,1,0,0,'update','2020-12-24 10:04:43'),('a1b6313b-3fd8-4c9f-b8ba-ae1137a43267',2,0,'b3870620-4521-11eb-b639-09bd4e7b1a84',0,2,0,0,'update','2020-12-24 10:04:43'),('a1b6313b-3fd8-4c9f-b8ba-ae1137a43267',2,0,'b3870620-4521-11eb-b639-09bd4e7b1a84',0,3,0,0,'update','2020-12-24 10:04:45'),('d4260450-3398-4e01-a68a-4aa957f1faf7',2,0,'00217ef0-451f-11eb-b639-09bd4e7b1a84',5,13,0,0,'update','2020-12-24 10:04:55'),('950e3b0a-e3fb-49a5-979e-1941e92ca0cb',1,0,'b3870620-4521-11eb-b639-09bd4e7b1a84',1,3,0,0,'update','2020-12-24 10:05:02'),('950e3b0a-e3fb-49a5-979e-1941e92ca0cb',1,0,'b3870620-4521-11eb-b639-09bd4e7b1a84',1,4,0,0,'update','2020-12-24 10:05:04'),('296394ed-ca9a-4711-93f6-d2e9f0066fb9',0,0,'b3870620-4521-11eb-b639-09bd4e7b1a84',0,0,0,0,'update','2020-12-24 11:10:19'),('296394ed-ca9a-4711-93f6-d2e9f0066fb9',0,0,'b3870620-4521-11eb-b639-09bd4e7b1a84',0,1,0,0,'update','2020-12-24 11:10:31'),('950e3b0a-e3fb-49a5-979e-1941e92ca0cb',1,0,'b3870620-4521-11eb-b639-09bd4e7b1a84',1,5,0,0,'update','2020-12-24 11:10:31'),('a1b6313b-3fd8-4c9f-b8ba-ae1137a43267',2,0,'b3870620-4521-11eb-b639-09bd4e7b1a84',0,4,0,0,'update','2020-12-24 11:10:31'),('d4260450-3398-4e01-a68a-4aa957f1faf7',2,0,'00217ef0-451f-11eb-b639-09bd4e7b1a84',5,14,0,0,'update','2020-12-24 11:10:31'),('f3d02c0b-64fe-49f7-bbba-174f0b1f388a',1,0,'255ab890-451e-11eb-b639-09bd4e7b1a84',3,6,0,0,'update','2020-12-24 11:10:31'),('f3d02c0b-64fe-49f7-bbba-174f0b1f388a',1,0,'255ab890-451e-11eb-b639-09bd4e7b1a84',3,0,0,0,'update','2020-12-24 11:10:54'),('a1b6313b-3fd8-4c9f-b8ba-ae1137a43267',2,0,'b3870620-4521-11eb-b639-09bd4e7b1a84',0,0,0,0,'update','2020-12-24 11:15:00'),('a1b6313b-3fd8-4c9f-b8ba-ae1137a43267',2,0,'b3870620-4521-11eb-b639-09bd4e7b1a84',0,1,0,0,'update','2020-12-25 09:17:48'),('a1b6313b-3fd8-4c9f-b8ba-ae1137a43267',2,0,'b3870620-4521-11eb-b639-09bd4e7b1a84',0,2,0,0,'update','2020-12-25 09:17:49'),('a1b6313b-3fd8-4c9f-b8ba-ae1137a43267',2,0,'b3870620-4521-11eb-b639-09bd4e7b1a84',0,3,0,0,'update','2020-12-25 09:17:50'),('a1b6313b-3fd8-4c9f-b8ba-ae1137a43267',2,0,'b3870620-4521-11eb-b639-09bd4e7b1a84',0,4,0,0,'update','2020-12-25 09:17:51'),('a1b6313b-3fd8-4c9f-b8ba-ae1137a43267',2,0,'b3870620-4521-11eb-b639-09bd4e7b1a84',0,5,0,0,'update','2020-12-25 09:17:51'),('a1b6313b-3fd8-4c9f-b8ba-ae1137a43267',2,0,'b3870620-4521-11eb-b639-09bd4e7b1a84',0,6,0,0,'update','2020-12-25 09:17:51'),('a1b6313b-3fd8-4c9f-b8ba-ae1137a43267',2,0,'b3870620-4521-11eb-b639-09bd4e7b1a84',0,7,0,0,'update','2020-12-25 09:17:52'),('a1b6313b-3fd8-4c9f-b8ba-ae1137a43267',2,0,'b3870620-4521-11eb-b639-09bd4e7b1a84',0,8,0,0,'update','2020-12-25 09:17:55'),('a1b6313b-3fd8-4c9f-b8ba-ae1137a43267',2,0,'b3870620-4521-11eb-b639-09bd4e7b1a84',0,9,0,0,'update','2020-12-25 09:17:56'),('a1b6313b-3fd8-4c9f-b8ba-ae1137a43267',2,0,'b3870620-4521-11eb-b639-09bd4e7b1a84',0,10,0,0,'update','2020-12-25 09:17:56'),('a1b6313b-3fd8-4c9f-b8ba-ae1137a43267',2,0,'b3870620-4521-11eb-b639-09bd4e7b1a84',0,11,0,0,'update','2020-12-25 09:17:56'),('a1b6313b-3fd8-4c9f-b8ba-ae1137a43267',2,0,'b3870620-4521-11eb-b639-09bd4e7b1a84',0,12,0,0,'update','2020-12-25 09:17:57'),('a1b6313b-3fd8-4c9f-b8ba-ae1137a43267',2,0,'b3870620-4521-11eb-b639-09bd4e7b1a84',0,13,0,0,'update','2020-12-25 09:17:57'),('a1b6313b-3fd8-4c9f-b8ba-ae1137a43267',2,0,'b3870620-4521-11eb-b639-09bd4e7b1a84',0,14,0,0,'update','2020-12-25 09:17:58'),('a1b6313b-3fd8-4c9f-b8ba-ae1137a43267',2,0,'b3870620-4521-11eb-b639-09bd4e7b1a84',0,15,0,0,'update','2020-12-25 09:17:58'),('a1b6313b-3fd8-4c9f-b8ba-ae1137a43267',2,0,'b3870620-4521-11eb-b639-09bd4e7b1a84',0,16,0,0,'update','2020-12-25 09:17:58'),('a1b6313b-3fd8-4c9f-b8ba-ae1137a43267',2,0,'b3870620-4521-11eb-b639-09bd4e7b1a84',0,17,0,0,'update','2020-12-25 09:17:58'),('a1b6313b-3fd8-4c9f-b8ba-ae1137a43267',2,0,'b3870620-4521-11eb-b639-09bd4e7b1a84',0,18,0,0,'update','2020-12-25 09:18:21'),('a1b6313b-3fd8-4c9f-b8ba-ae1137a43267',2,0,'b3870620-4521-11eb-b639-09bd4e7b1a84',0,19,0,0,'update','2020-12-25 09:18:23'),('a1b6313b-3fd8-4c9f-b8ba-ae1137a43267',2,0,'b3870620-4521-11eb-b639-09bd4e7b1a84',0,20,0,0,'update','2020-12-25 09:18:23'),('a1b6313b-3fd8-4c9f-b8ba-ae1137a43267',2,0,'b3870620-4521-11eb-b639-09bd4e7b1a84',0,21,0,0,'update','2020-12-25 09:18:23'),('a1b6313b-3fd8-4c9f-b8ba-ae1137a43267',2,0,'b3870620-4521-11eb-b639-09bd4e7b1a84',0,22,0,0,'update','2020-12-25 09:18:24'),('a1b6313b-3fd8-4c9f-b8ba-ae1137a43267',2,0,'b3870620-4521-11eb-b639-09bd4e7b1a84',0,23,0,0,'update','2020-12-25 09:18:25'),('a1b6313b-3fd8-4c9f-b8ba-ae1137a43267',2,0,'b3870620-4521-11eb-b639-09bd4e7b1a84',0,24,0,0,'update','2020-12-25 09:18:25'),('a1b6313b-3fd8-4c9f-b8ba-ae1137a43267',2,0,'b3870620-4521-11eb-b639-09bd4e7b1a84',0,25,0,0,'update','2020-12-25 09:18:25'),('a1b6313b-3fd8-4c9f-b8ba-ae1137a43267',2,0,'b3870620-4521-11eb-b639-09bd4e7b1a84',0,26,0,0,'update','2020-12-25 09:18:26'),('a1b6313b-3fd8-4c9f-b8ba-ae1137a43267',2,0,'b3870620-4521-11eb-b639-09bd4e7b1a84',0,27,0,0,'update','2020-12-25 09:18:37'),('a1b6313b-3fd8-4c9f-b8ba-ae1137a43267',2,0,'b3870620-4521-11eb-b639-09bd4e7b1a84',0,28,0,0,'update','2020-12-25 09:18:39'),('a1b6313b-3fd8-4c9f-b8ba-ae1137a43267',2,0,'b3870620-4521-11eb-b639-09bd4e7b1a84',0,29,0,0,'update','2020-12-25 09:18:39'),('a1b6313b-3fd8-4c9f-b8ba-ae1137a43267',2,0,'b3870620-4521-11eb-b639-09bd4e7b1a84',0,30,0,0,'update','2020-12-25 09:18:40'),('a1b6313b-3fd8-4c9f-b8ba-ae1137a43267',2,0,'b3870620-4521-11eb-b639-09bd4e7b1a84',0,31,0,0,'update','2020-12-25 09:18:41'),('a1b6313b-3fd8-4c9f-b8ba-ae1137a43267',2,0,'b3870620-4521-11eb-b639-09bd4e7b1a84',0,32,0,0,'update','2020-12-25 09:18:49'),('a1b6313b-3fd8-4c9f-b8ba-ae1137a43267',2,0,'b3870620-4521-11eb-b639-09bd4e7b1a84',0,33,0,0,'update','2020-12-25 09:18:52'),('35600fb2-3e81-404e-8966-59ca2def6d8e',0,0,'255ab890-451e-11eb-b639-09bd4e7b1a84',0,0,0,0,'update','2020-12-25 09:53:49'),('35600fb2-3e81-404e-8966-59ca2def6d8e',1,0,'255ab890-451e-11eb-b639-09bd4e7b1a84',0,0,0,0,'update','2020-12-25 09:53:51'),('35600fb2-3e81-404e-8966-59ca2def6d8e',0,0,'255ab890-451e-11eb-b639-09bd4e7b1a84',0,0,0,0,'update','2020-12-25 09:54:50'),('35600fb2-3e81-404e-8966-59ca2def6d8e',0,0,'255ab890-451e-11eb-b639-09bd4e7b1a84',0,1,0,0,'update','2020-12-25 10:00:47'),('35600fb2-3e81-404e-8966-59ca2def6d8e',1,0,'255ab890-451e-11eb-b639-09bd4e7b1a84',0,1,0,0,'update','2020-12-25 10:01:11'),('4e10e296-2e6b-4693-adb4-c149d2fa95db',0,0,'b3870620-4521-11eb-b639-09bd4e7b1a84',0,0,0,0,'update','2020-12-25 10:41:20'),('a1b6313b-3fd8-4c9f-b8ba-ae1137a43267',2,0,'b3870620-4521-11eb-b639-09bd4e7b1a84',0,34,0,0,'update','2020-12-25 10:47:20'),('a1b6313b-3fd8-4c9f-b8ba-ae1137a43267',1,0,'b3870620-4521-11eb-b639-09bd4e7b1a84',0,34,0,0,'update','2020-12-25 10:47:21'),('a1b6313b-3fd8-4c9f-b8ba-ae1137a43267',2,0,'b3870620-4521-11eb-b639-09bd4e7b1a84',0,34,0,0,'update','2020-12-25 10:47:22'),('a1b6313b-3fd8-4c9f-b8ba-ae1137a43267',1,0,'b3870620-4521-11eb-b639-09bd4e7b1a84',0,34,0,0,'update','2020-12-25 10:47:23'),('a1b6313b-3fd8-4c9f-b8ba-ae1137a43267',2,0,'b3870620-4521-11eb-b639-09bd4e7b1a84',0,34,0,0,'update','2020-12-25 10:47:24'),('a1b6313b-3fd8-4c9f-b8ba-ae1137a43267',1,0,'b3870620-4521-11eb-b639-09bd4e7b1a84',0,34,0,0,'update','2020-12-25 10:47:24'),('ce798ae3-b9b6-47be-a90b-3a234ec90b0a',0,0,'255ab890-451e-11eb-b639-09bd4e7b1a84',0,0,0,0,'update','2020-12-25 10:52:36'),('ce798ae3-b9b6-47be-a90b-3a234ec90b0a',1,0,'255ab890-451e-11eb-b639-09bd4e7b1a84',0,0,0,0,'update','2020-12-25 10:52:37'),('ce798ae3-b9b6-47be-a90b-3a234ec90b0a',0,0,'255ab890-451e-11eb-b639-09bd4e7b1a84',0,0,0,0,'update','2020-12-25 10:56:34'),('ce798ae3-b9b6-47be-a90b-3a234ec90b0a',0,0,'255ab890-451e-11eb-b639-09bd4e7b1a84',0,1,0,0,'update','2020-12-25 11:03:44'),('ce798ae3-b9b6-47be-a90b-3a234ec90b0a',0,0,'255ab890-451e-11eb-b639-09bd4e7b1a84',0,2,0,0,'update','2020-12-25 11:08:33'),('ce798ae3-b9b6-47be-a90b-3a234ec90b0a',1,0,'255ab890-451e-11eb-b639-09bd4e7b1a84',0,2,0,0,'update','2020-12-25 11:08:37'),('bd918946-8974-4b98-bce4-50d613b71409',0,0,'255ab890-451e-11eb-b639-09bd4e7b1a84',0,0,0,0,'update','2020-12-25 13:01:06'),('bd918946-8974-4b98-bce4-50d613b71409',1,0,'255ab890-451e-11eb-b639-09bd4e7b1a84',0,0,0,0,'update','2020-12-25 13:01:17'),('bd918946-8974-4b98-bce4-50d613b71409',1,0,'255ab890-451e-11eb-b639-09bd4e7b1a84',0,1,0,0,'update','2020-12-25 13:01:22'),('bd918946-8974-4b98-bce4-50d613b71409',1,0,'255ab890-451e-11eb-b639-09bd4e7b1a84',0,2,0,0,'update','2020-12-25 13:01:27'),('bd918946-8974-4b98-bce4-50d613b71409',1,0,'255ab890-451e-11eb-b639-09bd4e7b1a84',0,3,0,0,'update','2020-12-25 13:01:30'),('d4260450-3398-4e01-a68a-4aa957f1faf7',2,0,'00217ef0-451f-11eb-b639-09bd4e7b1a84',5,0,0,0,'update','2020-12-28 07:02:42'),('d4260450-3398-4e01-a68a-4aa957f1faf7',1,0,'00217ef0-451f-11eb-b639-09bd4e7b1a84',5,0,0,0,'update','2020-12-28 07:02:43'),('d4260450-3398-4e01-a68a-4aa957f1faf7',2,0,'00217ef0-451f-11eb-b639-09bd4e7b1a84',5,0,0,0,'update','2020-12-28 07:02:43'),('d4260450-3398-4e01-a68a-4aa957f1faf7',1,0,'00217ef0-451f-11eb-b639-09bd4e7b1a84',5,0,0,0,'update','2020-12-28 07:02:43'),('d4260450-3398-4e01-a68a-4aa957f1faf7',2,0,'00217ef0-451f-11eb-b639-09bd4e7b1a84',5,0,0,0,'update','2020-12-28 07:02:43'),('d4260450-3398-4e01-a68a-4aa957f1faf7',1,0,'00217ef0-451f-11eb-b639-09bd4e7b1a84',5,0,0,0,'update','2020-12-28 07:02:44'),('a1b6313b-3fd8-4c9f-b8ba-ae1137a43267',2,0,'b3870620-4521-11eb-b639-09bd4e7b1a84',0,34,0,0,'update','2020-12-28 07:02:48'),('d4260450-3398-4e01-a68a-4aa957f1faf7',2,0,'00217ef0-451f-11eb-b639-09bd4e7b1a84',5,0,0,0,'update','2020-12-29 12:36:03'),('d4260450-3398-4e01-a68a-4aa957f1faf7',3,0,'00217ef0-451f-11eb-b639-09bd4e7b1a84',5,0,0,0,'update','2020-12-29 12:36:05'),('30fc84a4-fb47-4742-850b-d6e6dd20463f',0,0,'255ab890-451e-11eb-b639-09bd4e7b1a84',0,0,0,0,'update','2020-12-30 05:15:07'),('30fc84a4-fb47-4742-850b-d6e6dd20463f',1,0,'255ab890-451e-11eb-b639-09bd4e7b1a84',0,0,0,0,'update','2020-12-30 05:15:20'),('30fc84a4-fb47-4742-850b-d6e6dd20463f',1,0,'255ab890-451e-11eb-b639-09bd4e7b1a84',0,1,0,0,'update','2020-12-30 05:15:27'),('35600fb2-3e81-404e-8966-59ca2def6d8e',1,0,'255ab890-451e-11eb-b639-09bd4e7b1a84',0,2,0,0,'update','2020-12-30 12:15:15'),('9cc55d6e-f928-48e3-ab11-439b2cb367f4',0,0,'255ab890-451e-11eb-b639-09bd4e7b1a84',0,0,0,0,'update','2020-12-31 05:27:44'),('d4260450-3398-4e01-a68a-4aa957f1faf7',2,0,'00217ef0-451f-11eb-b639-09bd4e7b1a84',5,0,0,0,'update','2020-12-31 06:57:01'),('d4260450-3398-4e01-a68a-4aa957f1faf7',2,0,'00217ef0-451f-11eb-b639-09bd4e7b1a84',6,0,0,0,'update','2020-12-31 19:40:37'),('d4260450-3398-4e01-a68a-4aa957f1faf7',2,0,'00217ef0-451f-11eb-b639-09bd4e7b1a84',6,1,0,0,'update','2020-12-31 19:40:40'),('d4260450-3398-4e01-a68a-4aa957f1faf7',2,0,'00217ef0-451f-11eb-b639-09bd4e7b1a84',6,2,0,0,'update','2020-12-31 19:40:55'),('d4260450-3398-4e01-a68a-4aa957f1faf7',2,0,'00217ef0-451f-11eb-b639-09bd4e7b1a84',6,3,0,0,'update','2020-12-31 19:40:57'),('d4260450-3398-4e01-a68a-4aa957f1faf7',2,0,'00217ef0-451f-11eb-b639-09bd4e7b1a84',6,4,0,0,'update','2021-01-04 14:01:28'),('d4260450-3398-4e01-a68a-4aa957f1faf7',2,0,'00217ef0-451f-11eb-b639-09bd4e7b1a84',6,5,0,0,'update','2021-01-04 14:01:29'),('d4260450-3398-4e01-a68a-4aa957f1faf7',2,0,'00217ef0-451f-11eb-b639-09bd4e7b1a84',6,6,0,0,'update','2021-01-04 14:01:29'),('d4260450-3398-4e01-a68a-4aa957f1faf7',2,0,'00217ef0-451f-11eb-b639-09bd4e7b1a84',6,7,0,0,'update','2021-01-07 07:13:07'),('30fc84a4-fb47-4742-850b-d6e6dd20463f',1,0,'255ab890-451e-11eb-b639-09bd4e7b1a84',0,2,0,0,'update','2021-01-07 12:58:03'),('30fc84a4-fb47-4742-850b-d6e6dd20463f',1,0,'255ab890-451e-11eb-b639-09bd4e7b1a84',1,2,0,0,'update','2021-01-07 12:58:04'),('35600fb2-3e81-404e-8966-59ca2def6d8e',0,0,'255ab890-451e-11eb-b639-09bd4e7b1a84',0,2,0,0,'update','2021-01-07 13:17:37'),('35600fb2-3e81-404e-8966-59ca2def6d8e',0,0,'255ab890-451e-11eb-b639-09bd4e7b1a84',1,2,0,0,'update','2021-01-07 13:17:54'),('35600fb2-3e81-404e-8966-59ca2def6d8e',0,0,'255ab890-451e-11eb-b639-09bd4e7b1a84',2,2,0,0,'update','2021-01-07 13:17:55'),('35600fb2-3e81-404e-8966-59ca2def6d8e',0,0,'255ab890-451e-11eb-b639-09bd4e7b1a84',3,2,0,0,'update','2021-01-07 13:18:10'),('35600fb2-3e81-404e-8966-59ca2def6d8e',0,0,'255ab890-451e-11eb-b639-09bd4e7b1a84',4,2,0,0,'update','2021-01-07 13:18:10'),('72e4a578-dcc9-485d-8422-2101cab408e1',0,0,'a458bd70-5010-11eb-9744-43c4ef5adc55',0,0,0,0,'update','2021-01-08 11:00:17'),('c78470df-a91a-4769-a2b6-8c87d9594ca6',0,0,'255ab890-451e-11eb-b639-09bd4e7b1a84',0,0,0,0,'update','2021-01-09 07:13:01'),('30fc84a4-fb47-4742-850b-d6e6dd20463f',1,0,'255ab890-451e-11eb-b639-09bd4e7b1a84',2,2,0,0,'update','2021-01-09 08:44:35'),('72e4a578-dcc9-485d-8422-2101cab408e1',1,0,'a458bd70-5010-11eb-9744-43c4ef5adc55',0,0,0,0,'update','2021-01-09 08:44:38'),('72e4a578-dcc9-485d-8422-2101cab408e1',0,0,'a458bd70-5010-11eb-9744-43c4ef5adc55',0,0,0,0,'update','2021-01-09 08:45:00'),('72e4a578-dcc9-485d-8422-2101cab408e1',1,0,'a458bd70-5010-11eb-9744-43c4ef5adc55',0,0,0,0,'update','2021-01-09 08:45:00'),('72e4a578-dcc9-485d-8422-2101cab408e1',0,0,'a458bd70-5010-11eb-9744-43c4ef5adc55',0,0,0,0,'update','2021-01-09 08:45:00'),('bd918946-8974-4b98-bce4-50d613b71409',1,0,'255ab890-451e-11eb-b639-09bd4e7b1a84',0,4,0,0,'update','2021-01-09 08:46:54'),('9cc55d6e-f928-48e3-ab11-439b2cb367f4',1,0,'255ab890-451e-11eb-b639-09bd4e7b1a84',0,0,0,0,'update','2021-01-09 08:47:00'),('30fc84a4-fb47-4742-850b-d6e6dd20463f',2,0,'255ab890-451e-11eb-b639-09bd4e7b1a84',2,2,0,0,'update','2021-01-09 08:48:25'),('30fc84a4-fb47-4742-850b-d6e6dd20463f',1,0,'255ab890-451e-11eb-b639-09bd4e7b1a84',2,2,0,0,'update','2021-01-09 08:48:26'),('a0276b09-8864-43d7-aff9-33af81a965fb',0,0,'a458bd70-5010-11eb-9744-43c4ef5adc55',0,0,0,0,'update','2021-01-12 12:19:32'),('9cc55d6e-f928-48e3-ab11-439b2cb367f4',2,0,'255ab890-451e-11eb-b639-09bd4e7b1a84',0,0,0,0,'update','2021-01-13 12:51:55'),('9cc55d6e-f928-48e3-ab11-439b2cb367f4',2,0,'255ab890-451e-11eb-b639-09bd4e7b1a84',0,1,0,0,'update','2021-01-13 12:52:00'),('f829168c-f093-494c-aa29-aaef6bdb5b77',0,0,'5d8f85c0-49b4-11eb-9ec1-d5d79c7b07b0',0,0,0,0,'update','2021-01-16 06:54:39'),('d4260450-3398-4e01-a68a-4aa957f1faf7',3,0,'00217ef0-451f-11eb-b639-09bd4e7b1a84',6,7,0,0,'update','2021-01-16 11:24:43'),('9cc55d6e-f928-48e3-ab11-439b2cb367f4',2,0,'255ab890-451e-11eb-b639-09bd4e7b1a84',0,2,0,0,'update','2021-01-16 11:24:51'),('9cc55d6e-f928-48e3-ab11-439b2cb367f4',3,0,'255ab890-451e-11eb-b639-09bd4e7b1a84',0,2,0,0,'update','2021-01-16 11:24:51'),('35600fb2-3e81-404e-8966-59ca2def6d8e',0,0,'255ab890-451e-11eb-b639-09bd4e7b1a84',5,2,0,0,'update','2021-01-16 11:25:42'),('35600fb2-3e81-404e-8966-59ca2def6d8e',1,0,'255ab890-451e-11eb-b639-09bd4e7b1a84',5,2,0,0,'update','2021-01-16 11:25:44'),('35600fb2-3e81-404e-8966-59ca2def6d8e',0,0,'255ab890-451e-11eb-b639-09bd4e7b1a84',5,2,0,0,'update','2021-01-16 11:25:46'),('15262deb-31b4-40d7-97a2-71902cc75518',0,0,'a458bd70-5010-11eb-9744-43c4ef5adc55',0,0,0,0,'update','2021-01-16 12:42:26'),('15262deb-31b4-40d7-97a2-71902cc75518',1,0,'a458bd70-5010-11eb-9744-43c4ef5adc55',0,0,0,0,'update','2021-01-16 12:42:41'),('9cc55d6e-f928-48e3-ab11-439b2cb367f4',2,0,'255ab890-451e-11eb-b639-09bd4e7b1a84',0,2,0,0,'update','2021-01-18 04:39:34'),('9cc55d6e-f928-48e3-ab11-439b2cb367f4',2,0,'255ab890-451e-11eb-b639-09bd4e7b1a84',1,2,0,0,'update','2021-01-18 04:39:48'),('30fc84a4-fb47-4742-850b-d6e6dd20463f',2,0,'255ab890-451e-11eb-b639-09bd4e7b1a84',2,2,0,0,'update','2021-01-18 04:40:50'),('30fc84a4-fb47-4742-850b-d6e6dd20463f',2,0,'255ab890-451e-11eb-b639-09bd4e7b1a84',3,2,0,0,'update','2021-01-18 04:43:59'),('30fc84a4-fb47-4742-850b-d6e6dd20463f',2,0,'255ab890-451e-11eb-b639-09bd4e7b1a84',4,2,0,0,'update','2021-01-18 04:44:51'),('30fc84a4-fb47-4742-850b-d6e6dd20463f',2,0,'255ab890-451e-11eb-b639-09bd4e7b1a84',5,2,0,0,'update','2021-01-18 04:44:57'),('30fc84a4-fb47-4742-850b-d6e6dd20463f',2,0,'255ab890-451e-11eb-b639-09bd4e7b1a84',6,2,0,0,'update','2021-01-18 04:46:49'),('30fc84a4-fb47-4742-850b-d6e6dd20463f',2,0,'255ab890-451e-11eb-b639-09bd4e7b1a84',7,2,0,0,'update','2021-01-18 04:48:07'),('30fc84a4-fb47-4742-850b-d6e6dd20463f',2,0,'255ab890-451e-11eb-b639-09bd4e7b1a84',8,2,0,0,'update','2021-01-18 04:48:21'),('30fc84a4-fb47-4742-850b-d6e6dd20463f',2,0,'255ab890-451e-11eb-b639-09bd4e7b1a84',9,2,0,0,'update','2021-01-18 04:48:37'),('30fc84a4-fb47-4742-850b-d6e6dd20463f',2,0,'255ab890-451e-11eb-b639-09bd4e7b1a84',10,2,0,0,'update','2021-01-18 04:48:49'),('30fc84a4-fb47-4742-850b-d6e6dd20463f',2,0,'255ab890-451e-11eb-b639-09bd4e7b1a84',11,2,0,0,'update','2021-01-18 04:49:13'),('30fc84a4-fb47-4742-850b-d6e6dd20463f',2,0,'255ab890-451e-11eb-b639-09bd4e7b1a84',12,2,0,0,'update','2021-01-18 04:49:24'),('30fc84a4-fb47-4742-850b-d6e6dd20463f',2,0,'255ab890-451e-11eb-b639-09bd4e7b1a84',13,2,0,0,'update','2021-01-18 04:50:56'),('30fc84a4-fb47-4742-850b-d6e6dd20463f',2,0,'255ab890-451e-11eb-b639-09bd4e7b1a84',14,2,0,0,'update','2021-01-18 04:51:02'),('30fc84a4-fb47-4742-850b-d6e6dd20463f',2,0,'255ab890-451e-11eb-b639-09bd4e7b1a84',15,2,0,0,'update','2021-01-18 04:51:17'),('c78470df-a91a-4769-a2b6-8c87d9594ca6',1,0,'255ab890-451e-11eb-b639-09bd4e7b1a84',0,0,0,0,'update','2021-01-18 04:51:52'),('c78470df-a91a-4769-a2b6-8c87d9594ca6',1,0,'255ab890-451e-11eb-b639-09bd4e7b1a84',1,0,0,0,'update','2021-01-18 04:52:49'),('c78470df-a91a-4769-a2b6-8c87d9594ca6',1,0,'255ab890-451e-11eb-b639-09bd4e7b1a84',2,0,0,0,'update','2021-01-18 04:52:51'),('c78470df-a91a-4769-a2b6-8c87d9594ca6',1,0,'255ab890-451e-11eb-b639-09bd4e7b1a84',3,0,0,0,'update','2021-01-18 04:53:04'),('c78470df-a91a-4769-a2b6-8c87d9594ca6',1,0,'255ab890-451e-11eb-b639-09bd4e7b1a84',4,0,0,0,'update','2021-01-18 04:53:17'),('c78470df-a91a-4769-a2b6-8c87d9594ca6',1,0,'255ab890-451e-11eb-b639-09bd4e7b1a84',5,0,0,0,'update','2021-01-18 04:53:33'),('c78470df-a91a-4769-a2b6-8c87d9594ca6',1,0,'255ab890-451e-11eb-b639-09bd4e7b1a84',6,0,0,0,'update','2021-01-18 04:53:55'),('d4260450-3398-4e01-a68a-4aa957f1faf7',4,0,'00217ef0-451f-11eb-b639-09bd4e7b1a84',6,7,0,0,'update','2021-01-18 05:06:26'),('bd918946-8974-4b98-bce4-50d613b71409',2,0,'255ab890-451e-11eb-b639-09bd4e7b1a84',0,4,0,0,'update','2021-01-18 05:12:14'),('30fc84a4-fb47-4742-850b-d6e6dd20463f',2,0,'255ab890-451e-11eb-b639-09bd4e7b1a84',16,2,0,0,'update','2021-01-18 05:14:54'),('d4260450-3398-4e01-a68a-4aa957f1faf7',4,0,'00217ef0-451f-11eb-b639-09bd4e7b1a84',7,7,0,0,'update','2021-01-18 05:20:57'),('d4260450-3398-4e01-a68a-4aa957f1faf7',4,0,'00217ef0-451f-11eb-b639-09bd4e7b1a84',8,7,0,0,'update','2021-01-18 05:26:30'),('d4260450-3398-4e01-a68a-4aa957f1faf7',4,0,'00217ef0-451f-11eb-b639-09bd4e7b1a84',9,7,0,0,'update','2021-01-18 05:26:30'),('d4260450-3398-4e01-a68a-4aa957f1faf7',4,0,'00217ef0-451f-11eb-b639-09bd4e7b1a84',10,7,0,0,'update','2021-01-18 05:26:38'),('d4260450-3398-4e01-a68a-4aa957f1faf7',4,0,'00217ef0-451f-11eb-b639-09bd4e7b1a84',11,7,0,0,'update','2021-01-18 05:27:07'),('30fc84a4-fb47-4742-850b-d6e6dd20463f',2,0,'255ab890-451e-11eb-b639-09bd4e7b1a84',17,2,0,0,'update','2021-01-18 05:27:21'),('9cc55d6e-f928-48e3-ab11-439b2cb367f4',2,0,'255ab890-451e-11eb-b639-09bd4e7b1a84',2,2,0,0,'update','2021-01-18 05:29:21'),('d4260450-3398-4e01-a68a-4aa957f1faf7',4,0,'00217ef0-451f-11eb-b639-09bd4e7b1a84',12,7,0,0,'update','2021-01-18 05:37:53'),('72e4a578-dcc9-485d-8422-2101cab408e1',1,0,'a458bd70-5010-11eb-9744-43c4ef5adc55',0,0,0,0,'update','2021-01-18 05:39:59'),('72e4a578-dcc9-485d-8422-2101cab408e1',1,0,'a458bd70-5010-11eb-9744-43c4ef5adc55',1,0,0,0,'update','2021-01-18 05:39:59'),('d4260450-3398-4e01-a68a-4aa957f1faf7',4,0,'00217ef0-451f-11eb-b639-09bd4e7b1a84',13,7,0,0,'update','2021-01-18 05:39:59'),('30fc84a4-fb47-4742-850b-d6e6dd20463f',2,0,'255ab890-451e-11eb-b639-09bd4e7b1a84',18,2,0,0,'update','2021-01-18 05:40:54'),('30fc84a4-fb47-4742-850b-d6e6dd20463f',2,0,'255ab890-451e-11eb-b639-09bd4e7b1a84',19,2,0,0,'update','2021-01-18 05:45:50'),('30fc84a4-fb47-4742-850b-d6e6dd20463f',2,0,'255ab890-451e-11eb-b639-09bd4e7b1a84',20,2,0,0,'update','2021-01-18 05:54:17'),('d4260450-3398-4e01-a68a-4aa957f1faf7',4,0,'00217ef0-451f-11eb-b639-09bd4e7b1a84',14,7,0,0,'update','2021-01-18 05:56:36'),('d4260450-3398-4e01-a68a-4aa957f1faf7',4,0,'00217ef0-451f-11eb-b639-09bd4e7b1a84',15,7,0,0,'update','2021-01-18 05:56:36'),('30fc84a4-fb47-4742-850b-d6e6dd20463f',2,0,'255ab890-451e-11eb-b639-09bd4e7b1a84',21,2,0,0,'update','2021-01-18 05:57:02'),('30fc84a4-fb47-4742-850b-d6e6dd20463f',2,0,'255ab890-451e-11eb-b639-09bd4e7b1a84',22,2,0,0,'update','2021-01-18 05:58:29'),('30fc84a4-fb47-4742-850b-d6e6dd20463f',2,0,'255ab890-451e-11eb-b639-09bd4e7b1a84',23,2,0,0,'update','2021-01-18 05:58:58'),('30fc84a4-fb47-4742-850b-d6e6dd20463f',2,0,'255ab890-451e-11eb-b639-09bd4e7b1a84',24,2,0,0,'update','2021-01-18 06:00:36'),('30fc84a4-fb47-4742-850b-d6e6dd20463f',2,0,'255ab890-451e-11eb-b639-09bd4e7b1a84',25,2,0,0,'update','2021-01-18 06:00:40'),('30fc84a4-fb47-4742-850b-d6e6dd20463f',2,0,'255ab890-451e-11eb-b639-09bd4e7b1a84',26,2,0,0,'update','2021-01-18 06:00:55'),('30fc84a4-fb47-4742-850b-d6e6dd20463f',2,0,'255ab890-451e-11eb-b639-09bd4e7b1a84',27,2,0,0,'update','2021-01-18 06:01:05'),('30fc84a4-fb47-4742-850b-d6e6dd20463f',2,0,'255ab890-451e-11eb-b639-09bd4e7b1a84',28,2,0,0,'update','2021-01-18 06:01:37'),('30fc84a4-fb47-4742-850b-d6e6dd20463f',2,0,'255ab890-451e-11eb-b639-09bd4e7b1a84',29,2,0,0,'update','2021-01-18 06:03:46'),('9cc55d6e-f928-48e3-ab11-439b2cb367f4',2,0,'255ab890-451e-11eb-b639-09bd4e7b1a84',3,2,0,0,'update','2021-01-18 06:04:19'),('9cc55d6e-f928-48e3-ab11-439b2cb367f4',2,0,'255ab890-451e-11eb-b639-09bd4e7b1a84',4,2,0,0,'update','2021-01-18 06:08:36'),('15262deb-31b4-40d7-97a2-71902cc75518',1,0,'a458bd70-5010-11eb-9744-43c4ef5adc55',0,1,0,0,'update','2021-01-18 06:09:11'),('9cc55d6e-f928-48e3-ab11-439b2cb367f4',2,0,'255ab890-451e-11eb-b639-09bd4e7b1a84',5,2,0,0,'update','2021-01-18 06:09:42'),('9cc55d6e-f928-48e3-ab11-439b2cb367f4',2,0,'255ab890-451e-11eb-b639-09bd4e7b1a84',6,2,0,0,'update','2021-01-18 06:10:00'),('9cc55d6e-f928-48e3-ab11-439b2cb367f4',2,0,'255ab890-451e-11eb-b639-09bd4e7b1a84',7,2,0,0,'update','2021-01-18 06:15:59'),('9cc55d6e-f928-48e3-ab11-439b2cb367f4',2,0,'255ab890-451e-11eb-b639-09bd4e7b1a84',8,2,0,0,'update','2021-01-18 06:18:21'),('9cc55d6e-f928-48e3-ab11-439b2cb367f4',2,0,'255ab890-451e-11eb-b639-09bd4e7b1a84',9,2,0,0,'update','2021-01-18 06:18:48'),('9cc55d6e-f928-48e3-ab11-439b2cb367f4',2,0,'255ab890-451e-11eb-b639-09bd4e7b1a84',10,2,0,0,'update','2021-01-18 06:18:50'),('9cc55d6e-f928-48e3-ab11-439b2cb367f4',2,0,'255ab890-451e-11eb-b639-09bd4e7b1a84',11,2,0,0,'update','2021-01-18 06:19:17'),('9cc55d6e-f928-48e3-ab11-439b2cb367f4',2,0,'255ab890-451e-11eb-b639-09bd4e7b1a84',12,2,0,0,'update','2021-01-18 06:19:18'),('9cc55d6e-f928-48e3-ab11-439b2cb367f4',2,0,'255ab890-451e-11eb-b639-09bd4e7b1a84',13,2,0,0,'update','2021-01-18 06:21:41'),('9cc55d6e-f928-48e3-ab11-439b2cb367f4',2,0,'255ab890-451e-11eb-b639-09bd4e7b1a84',14,2,0,0,'update','2021-01-18 06:22:09'),('bd918946-8974-4b98-bce4-50d613b71409',2,0,'255ab890-451e-11eb-b639-09bd4e7b1a84',1,4,0,0,'update','2021-01-18 06:22:45'),('bd918946-8974-4b98-bce4-50d613b71409',2,0,'255ab890-451e-11eb-b639-09bd4e7b1a84',2,4,0,0,'update','2021-01-18 06:23:22'),('bd918946-8974-4b98-bce4-50d613b71409',2,0,'255ab890-451e-11eb-b639-09bd4e7b1a84',3,4,0,0,'update','2021-01-18 06:23:48'),('bd918946-8974-4b98-bce4-50d613b71409',2,0,'255ab890-451e-11eb-b639-09bd4e7b1a84',4,4,0,0,'update','2021-01-18 06:31:28'),('bd918946-8974-4b98-bce4-50d613b71409',2,0,'255ab890-451e-11eb-b639-09bd4e7b1a84',5,4,0,0,'update','2021-01-18 06:40:00'),('bd918946-8974-4b98-bce4-50d613b71409',2,0,'255ab890-451e-11eb-b639-09bd4e7b1a84',6,4,0,0,'update','2021-01-18 06:40:21'),('bd918946-8974-4b98-bce4-50d613b71409',2,0,'255ab890-451e-11eb-b639-09bd4e7b1a84',7,4,0,0,'update','2021-01-18 06:40:52'),('bd918946-8974-4b98-bce4-50d613b71409',2,0,'255ab890-451e-11eb-b639-09bd4e7b1a84',8,4,0,0,'update','2021-01-18 06:41:10'),('bd918946-8974-4b98-bce4-50d613b71409',2,0,'255ab890-451e-11eb-b639-09bd4e7b1a84',9,4,0,0,'update','2021-01-18 06:41:21'),('bd918946-8974-4b98-bce4-50d613b71409',2,0,'255ab890-451e-11eb-b639-09bd4e7b1a84',10,4,0,0,'update','2021-01-18 06:44:33'),('bd918946-8974-4b98-bce4-50d613b71409',2,0,'255ab890-451e-11eb-b639-09bd4e7b1a84',11,4,0,0,'update','2021-01-18 06:44:51'),('bd918946-8974-4b98-bce4-50d613b71409',2,0,'255ab890-451e-11eb-b639-09bd4e7b1a84',12,4,0,0,'update','2021-01-18 06:45:30'),('bd918946-8974-4b98-bce4-50d613b71409',2,0,'255ab890-451e-11eb-b639-09bd4e7b1a84',13,4,0,0,'update','2021-01-18 06:46:00'),('bd918946-8974-4b98-bce4-50d613b71409',2,0,'255ab890-451e-11eb-b639-09bd4e7b1a84',14,4,0,0,'update','2021-01-18 06:46:00'),('bd918946-8974-4b98-bce4-50d613b71409',2,0,'255ab890-451e-11eb-b639-09bd4e7b1a84',15,4,0,0,'update','2021-01-18 06:46:49'),('bd918946-8974-4b98-bce4-50d613b71409',2,0,'255ab890-451e-11eb-b639-09bd4e7b1a84',16,4,0,0,'update','2021-01-18 06:48:32'),('bd918946-8974-4b98-bce4-50d613b71409',2,0,'255ab890-451e-11eb-b639-09bd4e7b1a84',17,4,0,0,'update','2021-01-18 06:52:03'),('bd918946-8974-4b98-bce4-50d613b71409',2,0,'255ab890-451e-11eb-b639-09bd4e7b1a84',18,4,0,0,'update','2021-01-18 06:52:04'),('bd918946-8974-4b98-bce4-50d613b71409',2,0,'255ab890-451e-11eb-b639-09bd4e7b1a84',19,4,0,0,'update','2021-01-18 06:53:07'),('bd918946-8974-4b98-bce4-50d613b71409',2,0,'255ab890-451e-11eb-b639-09bd4e7b1a84',20,4,0,0,'update','2021-01-18 06:54:54'),('c78470df-a91a-4769-a2b6-8c87d9594ca6',1,0,'255ab890-451e-11eb-b639-09bd4e7b1a84',7,0,0,0,'update','2021-01-18 06:57:52'),('c78470df-a91a-4769-a2b6-8c87d9594ca6',1,0,'255ab890-451e-11eb-b639-09bd4e7b1a84',8,0,0,0,'update','2021-01-18 06:57:59'),('30fc84a4-fb47-4742-850b-d6e6dd20463f',2,0,'255ab890-451e-11eb-b639-09bd4e7b1a84',30,2,0,0,'update','2021-01-18 07:25:43'),('c78470df-a91a-4769-a2b6-8c87d9594ca6',1,0,'255ab890-451e-11eb-b639-09bd4e7b1a84',9,0,0,0,'update','2021-01-18 07:30:28'),('30fc84a4-fb47-4742-850b-d6e6dd20463f',2,0,'255ab890-451e-11eb-b639-09bd4e7b1a84',31,2,0,0,'update','2021-01-18 08:26:05'),('9cc55d6e-f928-48e3-ab11-439b2cb367f4',2,0,'255ab890-451e-11eb-b639-09bd4e7b1a84',15,2,0,0,'update','2021-01-18 08:26:38'),('9cc55d6e-f928-48e3-ab11-439b2cb367f4',2,0,'255ab890-451e-11eb-b639-09bd4e7b1a84',16,2,0,0,'update','2021-01-18 08:26:43'),('bd918946-8974-4b98-bce4-50d613b71409',2,0,'255ab890-451e-11eb-b639-09bd4e7b1a84',21,4,0,0,'update','2021-01-18 08:27:08'),('bd918946-8974-4b98-bce4-50d613b71409',2,0,'255ab890-451e-11eb-b639-09bd4e7b1a84',22,4,0,0,'update','2021-01-18 08:27:09'),('bd918946-8974-4b98-bce4-50d613b71409',2,0,'255ab890-451e-11eb-b639-09bd4e7b1a84',23,4,0,0,'update','2021-01-18 08:27:12'),('bd918946-8974-4b98-bce4-50d613b71409',2,0,'255ab890-451e-11eb-b639-09bd4e7b1a84',24,4,0,0,'update','2021-01-18 08:27:13'),('bd918946-8974-4b98-bce4-50d613b71409',2,0,'255ab890-451e-11eb-b639-09bd4e7b1a84',25,4,0,0,'update','2021-01-18 08:36:28'),('bd918946-8974-4b98-bce4-50d613b71409',2,0,'255ab890-451e-11eb-b639-09bd4e7b1a84',26,4,0,0,'update','2021-01-18 08:36:33'),('bd918946-8974-4b98-bce4-50d613b71409',2,0,'255ab890-451e-11eb-b639-09bd4e7b1a84',27,4,0,0,'update','2021-01-18 08:39:22'),('bd918946-8974-4b98-bce4-50d613b71409',2,0,'255ab890-451e-11eb-b639-09bd4e7b1a84',28,4,0,0,'update','2021-01-18 08:39:24'),('bd918946-8974-4b98-bce4-50d613b71409',2,0,'255ab890-451e-11eb-b639-09bd4e7b1a84',29,4,0,0,'update','2021-01-18 08:39:44'),('d4260450-3398-4e01-a68a-4aa957f1faf7',4,0,'00217ef0-451f-11eb-b639-09bd4e7b1a84',16,7,0,0,'update','2021-01-18 08:40:34'),('d4260450-3398-4e01-a68a-4aa957f1faf7',4,0,'00217ef0-451f-11eb-b639-09bd4e7b1a84',17,7,0,0,'update','2021-01-18 08:49:13'),('30fc84a4-fb47-4742-850b-d6e6dd20463f',2,0,'255ab890-451e-11eb-b639-09bd4e7b1a84',32,2,0,0,'update','2021-01-18 08:51:45'),('30fc84a4-fb47-4742-850b-d6e6dd20463f',2,0,'255ab890-451e-11eb-b639-09bd4e7b1a84',33,2,0,0,'update','2021-01-18 08:55:16'),('d4260450-3398-4e01-a68a-4aa957f1faf7',4,0,'00217ef0-451f-11eb-b639-09bd4e7b1a84',18,7,0,0,'update','2021-01-18 08:59:44'),('d4260450-3398-4e01-a68a-4aa957f1faf7',4,0,'00217ef0-451f-11eb-b639-09bd4e7b1a84',19,7,0,0,'update','2021-01-18 09:08:57'),('d4260450-3398-4e01-a68a-4aa957f1faf7',4,0,'00217ef0-451f-11eb-b639-09bd4e7b1a84',20,7,0,0,'update','2021-01-18 09:11:20'),('d4260450-3398-4e01-a68a-4aa957f1faf7',4,0,'00217ef0-451f-11eb-b639-09bd4e7b1a84',21,7,0,0,'update','2021-01-18 09:13:42'),('d4260450-3398-4e01-a68a-4aa957f1faf7',4,0,'00217ef0-451f-11eb-b639-09bd4e7b1a84',22,7,0,0,'update','2021-01-18 09:15:15'),('d4260450-3398-4e01-a68a-4aa957f1faf7',4,0,'00217ef0-451f-11eb-b639-09bd4e7b1a84',23,7,0,0,'update','2021-01-18 09:18:05'),('d4260450-3398-4e01-a68a-4aa957f1faf7',4,0,'00217ef0-451f-11eb-b639-09bd4e7b1a84',24,7,0,0,'update','2021-01-18 09:18:43'),('d4260450-3398-4e01-a68a-4aa957f1faf7',4,0,'00217ef0-451f-11eb-b639-09bd4e7b1a84',25,7,0,0,'update','2021-01-18 10:05:13'),('d4260450-3398-4e01-a68a-4aa957f1faf7',4,0,'00217ef0-451f-11eb-b639-09bd4e7b1a84',26,7,0,0,'update','2021-01-18 10:05:13'),('bd918946-8974-4b98-bce4-50d613b71409',2,0,'255ab890-451e-11eb-b639-09bd4e7b1a84',30,4,0,0,'update','2021-01-18 10:28:32'),('30fc84a4-fb47-4742-850b-d6e6dd20463f',2,0,'255ab890-451e-11eb-b639-09bd4e7b1a84',34,2,0,0,'update','2021-01-18 10:50:19'),('30fc84a4-fb47-4742-850b-d6e6dd20463f',2,0,'255ab890-451e-11eb-b639-09bd4e7b1a84',35,2,0,0,'update','2021-01-18 10:56:32'),('30fc84a4-fb47-4742-850b-d6e6dd20463f',2,0,'255ab890-451e-11eb-b639-09bd4e7b1a84',36,2,0,0,'update','2021-01-18 10:57:53'),('d4260450-3398-4e01-a68a-4aa957f1faf7',4,0,'00217ef0-451f-11eb-b639-09bd4e7b1a84',27,7,0,0,'update','2021-01-18 13:39:07'),('d4260450-3398-4e01-a68a-4aa957f1faf7',4,0,'00217ef0-451f-11eb-b639-09bd4e7b1a84',28,7,0,0,'update','2021-01-18 13:39:14'),('d4260450-3398-4e01-a68a-4aa957f1faf7',4,0,'00217ef0-451f-11eb-b639-09bd4e7b1a84',29,7,0,0,'update','2021-01-18 13:39:54'),('30fc84a4-fb47-4742-850b-d6e6dd20463f',2,0,'255ab890-451e-11eb-b639-09bd4e7b1a84',37,2,0,0,'update','2021-01-19 04:39:12'),('30fc84a4-fb47-4742-850b-d6e6dd20463f',3,0,'255ab890-451e-11eb-b639-09bd4e7b1a84',37,2,0,0,'update','2021-01-19 04:39:14'),('d4260450-3398-4e01-a68a-4aa957f1faf7',4,0,'00217ef0-451f-11eb-b639-09bd4e7b1a84',30,7,0,0,'update','2021-01-19 05:20:14'),('dce7f20c-dea4-4063-bbb8-007cdf359df5',0,0,'a458bd70-5010-11eb-9744-43c4ef5adc55',0,0,0,0,'update','2021-01-19 06:38:42'),('c78470df-a91a-4769-a2b6-8c87d9594ca6',1,0,'255ab890-451e-11eb-b639-09bd4e7b1a84',10,0,0,0,'update','2021-01-20 10:06:31'),('c78470df-a91a-4769-a2b6-8c87d9594ca6',0,0,'255ab890-451e-11eb-b639-09bd4e7b1a84',10,0,0,0,'update','2021-01-20 10:06:33'),('bd918946-8974-4b98-bce4-50d613b71409',2,0,'255ab890-451e-11eb-b639-09bd4e7b1a84',31,4,0,0,'update','2021-01-20 10:06:41'),('bd918946-8974-4b98-bce4-50d613b71409',1,0,'255ab890-451e-11eb-b639-09bd4e7b1a84',31,4,0,0,'update','2021-01-20 10:07:49'),('d4260450-3398-4e01-a68a-4aa957f1faf7',4,0,'00217ef0-451f-11eb-b639-09bd4e7b1a84',31,7,0,0,'update','2021-01-23 12:14:06'),('9cc55d6e-f928-48e3-ab11-439b2cb367f4',2,0,'255ab890-451e-11eb-b639-09bd4e7b1a84',17,2,0,0,'update','2021-01-23 12:15:10'),('c78470df-a91a-4769-a2b6-8c87d9594ca6',1,0,'255ab890-451e-11eb-b639-09bd4e7b1a84',10,0,0,0,'update','2021-01-23 12:15:59'),('f829168c-f093-494c-aa29-aaef6bdb5b77',1,0,'5d8f85c0-49b4-11eb-9ec1-d5d79c7b07b0',0,0,0,0,'update','2021-01-23 12:16:28'),('35600fb2-3e81-404e-8966-59ca2def6d8e',1,0,'255ab890-451e-11eb-b639-09bd4e7b1a84',5,2,0,0,'update','2021-01-23 12:17:28'),('35600fb2-3e81-404e-8966-59ca2def6d8e',2,0,'255ab890-451e-11eb-b639-09bd4e7b1a84',5,2,0,0,'update','2021-01-23 12:17:29'),('35600fb2-3e81-404e-8966-59ca2def6d8e',1,0,'255ab890-451e-11eb-b639-09bd4e7b1a84',5,2,0,0,'update','2021-01-23 12:17:30'),('bd918946-8974-4b98-bce4-50d613b71409',2,0,'255ab890-451e-11eb-b639-09bd4e7b1a84',31,4,0,0,'update','2021-01-23 12:20:32'),('bd918946-8974-4b98-bce4-50d613b71409',3,0,'255ab890-451e-11eb-b639-09bd4e7b1a84',31,4,0,0,'update','2021-01-23 12:20:35'),('c78470df-a91a-4769-a2b6-8c87d9594ca6',2,0,'255ab890-451e-11eb-b639-09bd4e7b1a84',10,0,0,0,'update','2021-01-23 12:27:36'),('30fc84a4-fb47-4742-850b-d6e6dd20463f',2,0,'255ab890-451e-11eb-b639-09bd4e7b1a84',37,2,0,0,'update','2021-01-23 12:27:48'),('30fc84a4-fb47-4742-850b-d6e6dd20463f',2,0,'255ab890-451e-11eb-b639-09bd4e7b1a84',37,3,0,0,'update','2021-01-23 12:28:01'),('30fc84a4-fb47-4742-850b-d6e6dd20463f',2,0,'255ab890-451e-11eb-b639-09bd4e7b1a84',37,4,0,0,'update','2021-01-23 12:30:14'),('dce7f20c-dea4-4063-bbb8-007cdf359df5',1,0,'a458bd70-5010-11eb-9744-43c4ef5adc55',0,0,0,0,'update','2021-01-23 12:30:36'),('35600fb2-3e81-404e-8966-59ca2def6d8e',2,0,'255ab890-451e-11eb-b639-09bd4e7b1a84',5,2,0,0,'update','2021-01-23 12:40:30'),('99e389a2-fae9-4cec-ae7b-c78f77be2e0b',0,0,'tVrlWwLNaQcCk7naQBiHVrzZUal2',0,0,0,0,'update','2021-01-23 12:52:37'),('30fc84a4-fb47-4742-850b-d6e6dd20463f',3,0,'255ab890-451e-11eb-b639-09bd4e7b1a84',37,4,0,0,'update','2021-01-23 12:53:10'),('30fc84a4-fb47-4742-850b-d6e6dd20463f',2,0,'255ab890-451e-11eb-b639-09bd4e7b1a84',37,4,0,0,'update','2021-01-23 12:53:11'),('30fc84a4-fb47-4742-850b-d6e6dd20463f',3,0,'255ab890-451e-11eb-b639-09bd4e7b1a84',37,4,0,0,'update','2021-01-23 12:53:11'),('30fc84a4-fb47-4742-850b-d6e6dd20463f',2,0,'255ab890-451e-11eb-b639-09bd4e7b1a84',37,4,0,0,'update','2021-01-23 12:53:12'),('d4260450-3398-4e01-a68a-4aa957f1faf7',5,0,'00217ef0-451f-11eb-b639-09bd4e7b1a84',31,7,0,0,'update','2021-01-25 02:28:14'),('d4260450-3398-4e01-a68a-4aa957f1faf7',4,0,'00217ef0-451f-11eb-b639-09bd4e7b1a84',31,7,0,0,'update','2021-01-25 02:28:15'),('d4260450-3398-4e01-a68a-4aa957f1faf7',5,0,'00217ef0-451f-11eb-b639-09bd4e7b1a84',31,7,0,0,'update','2021-01-25 02:28:18'),('d4260450-3398-4e01-a68a-4aa957f1faf7',5,0,'00217ef0-451f-11eb-b639-09bd4e7b1a84',32,7,0,0,'update','2021-01-25 08:29:24'),('30fc84a4-fb47-4742-850b-d6e6dd20463f',3,0,'255ab890-451e-11eb-b639-09bd4e7b1a84',37,4,0,0,'update','2021-01-25 08:36:03'),('30fc84a4-fb47-4742-850b-d6e6dd20463f',3,0,'255ab890-451e-11eb-b639-09bd4e7b1a84',37,5,0,0,'update','2021-01-25 08:36:05'),('d4260450-3398-4e01-a68a-4aa957f1faf7',5,0,'00217ef0-451f-11eb-b639-09bd4e7b1a84',32,8,0,0,'update','2021-01-25 08:42:19'),('d4260450-3398-4e01-a68a-4aa957f1faf7',5,0,'00217ef0-451f-11eb-b639-09bd4e7b1a84',32,9,0,0,'update','2021-01-25 08:43:30'),('d4260450-3398-4e01-a68a-4aa957f1faf7',5,0,'00217ef0-451f-11eb-b639-09bd4e7b1a84',32,10,0,0,'update','2021-01-25 08:43:59'),('d4260450-3398-4e01-a68a-4aa957f1faf7',5,0,'00217ef0-451f-11eb-b639-09bd4e7b1a84',32,11,0,0,'update','2021-01-25 08:44:40'),('30fc84a4-fb47-4742-850b-d6e6dd20463f',3,0,'255ab890-451e-11eb-b639-09bd4e7b1a84',37,6,0,0,'update','2021-01-25 08:45:02'),('30fc84a4-fb47-4742-850b-d6e6dd20463f',3,0,'255ab890-451e-11eb-b639-09bd4e7b1a84',37,7,0,0,'update','2021-01-25 08:45:04'),('bd918946-8974-4b98-bce4-50d613b71409',2,0,'255ab890-451e-11eb-b639-09bd4e7b1a84',31,4,0,0,'update','2021-01-25 08:57:47'),('d4260450-3398-4e01-a68a-4aa957f1faf7',5,0,'00217ef0-451f-11eb-b639-09bd4e7b1a84',32,12,0,0,'update','2021-01-25 09:06:54'),('30fc84a4-fb47-4742-850b-d6e6dd20463f',3,0,'255ab890-451e-11eb-b639-09bd4e7b1a84',37,8,0,0,'update','2021-01-25 09:07:09'),('c78470df-a91a-4769-a2b6-8c87d9594ca6',2,0,'255ab890-451e-11eb-b639-09bd4e7b1a84',10,1,0,0,'update','2021-01-25 09:07:31'),('c78470df-a91a-4769-a2b6-8c87d9594ca6',2,0,'255ab890-451e-11eb-b639-09bd4e7b1a84',10,2,0,0,'update','2021-01-25 09:07:36'),('c78470df-a91a-4769-a2b6-8c87d9594ca6',2,0,'255ab890-451e-11eb-b639-09bd4e7b1a84',10,3,0,0,'update','2021-01-25 09:09:26'),('c78470df-a91a-4769-a2b6-8c87d9594ca6',2,0,'255ab890-451e-11eb-b639-09bd4e7b1a84',10,4,0,0,'update','2021-01-25 09:09:33'),('c78470df-a91a-4769-a2b6-8c87d9594ca6',2,0,'255ab890-451e-11eb-b639-09bd4e7b1a84',10,5,0,0,'update','2021-01-25 09:10:16'),('d4260450-3398-4e01-a68a-4aa957f1faf7',5,0,'00217ef0-451f-11eb-b639-09bd4e7b1a84',32,13,0,0,'update','2021-01-25 09:19:29'),('d4260450-3398-4e01-a68a-4aa957f1faf7',5,0,'00217ef0-451f-11eb-b639-09bd4e7b1a84',32,14,0,0,'update','2021-01-25 09:20:07'),('35600fb2-3e81-404e-8966-59ca2def6d8e',2,0,'255ab890-451e-11eb-b639-09bd4e7b1a84',5,3,0,0,'update','2021-01-25 09:21:05'),('35600fb2-3e81-404e-8966-59ca2def6d8e',2,0,'255ab890-451e-11eb-b639-09bd4e7b1a84',5,4,0,0,'update','2021-01-25 09:21:50'),('dce7f20c-dea4-4063-bbb8-007cdf359df5',2,0,'a458bd70-5010-11eb-9744-43c4ef5adc55',0,0,0,0,'update','2021-01-25 09:26:05'),('d4260450-3398-4e01-a68a-4aa957f1faf7',5,0,'00217ef0-451f-11eb-b639-09bd4e7b1a84',32,15,0,0,'update','2021-01-25 09:32:39'),('30fc84a4-fb47-4742-850b-d6e6dd20463f',3,0,'255ab890-451e-11eb-b639-09bd4e7b1a84',37,9,0,0,'update','2021-01-25 09:33:05'),('c78470df-a91a-4769-a2b6-8c87d9594ca6',2,0,'255ab890-451e-11eb-b639-09bd4e7b1a84',10,6,0,0,'update','2021-01-25 09:33:35'),('89e9b670-eba0-4a0c-8e51-85e4b483f38d',0,0,'a458bd70-5010-11eb-9744-43c4ef5adc55',0,0,0,0,'update','2021-01-25 09:56:14'),('d4260450-3398-4e01-a68a-4aa957f1faf7',5,0,'00217ef0-451f-11eb-b639-09bd4e7b1a84',32,16,0,0,'update','2021-01-28 06:32:37'),('89e9b670-eba0-4a0c-8e51-85e4b483f38d',1,0,'a458bd70-5010-11eb-9744-43c4ef5adc55',0,0,0,0,'update','2021-01-28 09:07:48'),('d4260450-3398-4e01-a68a-4aa957f1faf7',5,0,'00217ef0-451f-11eb-b639-09bd4e7b1a84',33,16,0,0,'update','2021-01-28 09:16:23'),('d4260450-3398-4e01-a68a-4aa957f1faf7',5,0,'00217ef0-451f-11eb-b639-09bd4e7b1a84',34,16,0,0,'update','2021-01-28 09:16:29'),('d4260450-3398-4e01-a68a-4aa957f1faf7',5,0,'00217ef0-451f-11eb-b639-09bd4e7b1a84',35,16,0,0,'update','2021-01-28 09:16:33'),('d4260450-3398-4e01-a68a-4aa957f1faf7',5,0,'00217ef0-451f-11eb-b639-09bd4e7b1a84',36,16,0,0,'update','2021-01-28 09:16:39'),('bb0a9dce-4c7b-4a1c-95df-93a0482471ef',0,0,'b3870620-4521-11eb-b639-09bd4e7b1a84',0,0,0,0,'update','2021-01-28 09:20:43'),('bb0a9dce-4c7b-4a1c-95df-93a0482471ef',0,0,'b3870620-4521-11eb-b639-09bd4e7b1a84',1,0,0,0,'update','2021-01-28 09:20:58'),('296394ed-ca9a-4711-93f6-d2e9f0066fb9',0,0,'b3870620-4521-11eb-b639-09bd4e7b1a84',0,0,0,0,'update','2021-01-28 09:21:12'),('950e3b0a-e3fb-49a5-979e-1941e92ca0cb',1,0,'b3870620-4521-11eb-b639-09bd4e7b1a84',1,0,0,0,'update','2021-01-28 09:22:36'),('f3d02c0b-64fe-49f7-bbba-174f0b1f388a',1,0,'255ab890-451e-11eb-b639-09bd4e7b1a84',3,1,0,0,'update','2021-01-28 09:22:48'),('bd918946-8974-4b98-bce4-50d613b71409',2,0,'255ab890-451e-11eb-b639-09bd4e7b1a84',31,5,0,0,'update','2021-01-29 12:58:20'),('bd918946-8974-4b98-bce4-50d613b71409',2,0,'255ab890-451e-11eb-b639-09bd4e7b1a84',32,5,0,0,'update','2021-01-29 12:59:01'),('dce7f20c-dea4-4063-bbb8-007cdf359df5',2,0,'a458bd70-5010-11eb-9744-43c4ef5adc55',0,1,0,0,'update','2021-01-29 12:59:27'),('c78470df-a91a-4769-a2b6-8c87d9594ca6',2,0,'255ab890-451e-11eb-b639-09bd4e7b1a84',10,7,0,0,'update','2021-01-29 12:59:39'),('d4260450-3398-4e01-a68a-4aa957f1faf7',5,0,'00217ef0-451f-11eb-b639-09bd4e7b1a84',37,16,0,0,'update','2021-01-30 11:15:23'),('d4260450-3398-4e01-a68a-4aa957f1faf7',5,0,'00217ef0-451f-11eb-b639-09bd4e7b1a84',37,17,0,0,'update','2021-01-30 11:15:36'),('d4260450-3398-4e01-a68a-4aa957f1faf7',5,0,'00217ef0-451f-11eb-b639-09bd4e7b1a84',37,18,0,0,'update','2021-01-31 15:08:36'),('d4260450-3398-4e01-a68a-4aa957f1faf7',5,0,'00217ef0-451f-11eb-b639-09bd4e7b1a84',38,18,0,0,'update','2021-01-31 15:08:38'),('d4260450-3398-4e01-a68a-4aa957f1faf7',6,0,'00217ef0-451f-11eb-b639-09bd4e7b1a84',38,18,0,0,'update','2021-01-31 15:08:39'),('d4260450-3398-4e01-a68a-4aa957f1faf7',5,0,'00217ef0-451f-11eb-b639-09bd4e7b1a84',38,18,0,0,'update','2021-01-31 15:28:54'),('d4260450-3398-4e01-a68a-4aa957f1faf7',6,0,'00217ef0-451f-11eb-b639-09bd4e7b1a84',38,18,0,0,'update','2021-01-31 15:35:34');
/*!40000 ALTER TABLE `post_data_history` ENABLE KEYS */;
UNLOCK TABLES;

--
-- Table structure for table `profiles`
--

DROP TABLE IF EXISTS `profiles`;
/*!40101 SET @saved_cs_client     = @@character_set_client */;
/*!50503 SET character_set_client = utf8mb4 */;
CREATE TABLE `profiles` (
  `id` char(100) NOT NULL,
  `review` double NOT NULL DEFAULT '0',
  `reviewSum` double DEFAULT '0',
  `reviewCount` int DEFAULT '0',
  `bio` text NOT NULL,
  `background_img` text NOT NULL,
  `profile_pic_img` text NOT NULL,
  `sh_instagram` text NOT NULL,
  `sh_facebook` text NOT NULL,
  `sh_tiktok` text NOT NULL,
  `sh_twitter` text NOT NULL,
  `sh_youtube` text NOT NULL,
  `sh_website` text NOT NULL,
  `visit` bigint NOT NULL DEFAULT '0',
  `timestamp` timestamp NOT NULL DEFAULT CURRENT_TIMESTAMP,
  PRIMARY KEY (`id`)
) ENGINE=InnoDB DEFAULT CHARSET=utf8mb4 COLLATE=utf8mb4_0900_ai_ci;
/*!40101 SET character_set_client = @saved_cs_client */;

--
-- Dumping data for table `profiles`
--

LOCK TABLES `profiles` WRITE;
/*!40000 ALTER TABLE `profiles` DISABLE KEYS */;
INSERT INTO `profiles` VALUES ('02085458-3dee-4e94-b258-940e7cec9e1a',0,0,0,'It is a long established fact that a reader will be distracted by the readable content of a page when looking at its layout. The point of using Lorem Ipsum is that it has a more-or-less normal distribution of letters, as opposed to using \'Content here, content here\', making it look like readable English. Many desktop publishing packages and web page editors now use Lorem Ipsum as their default model text, and a search for \'lorem ipsum\' will uncover many web sites still in their infancy. Various versions have evolved over the years, sometimes by accident, sometimes on purpose (injected humour and the like).','/upload_images/defaultProfile/background.jpg','https://lh4.googleusercontent.com/-ec2f2B-94oM/AAAAAAAAAAI/AAAAAAAAAGg/AMZuuckqpaNefGFbsUyfkSG6ggQwIZ3C7Q/s96-c/photo.jpg','','','','','','',0,'2021-02-04 11:39:43'),('0295d60d-8e77-4fe9-b71f-92a65539b728',0,0,0,'It is a long established fact that a reader will be distracted by the readable content of a page when looking at its layout. The point of using Lorem Ipsum is that it has a more-or-less normal distribution of letters, as opposed to using \'Content here, content here\', making it look like readable English. Many desktop publishing packages and web page editors now use Lorem Ipsum as their default model text, and a search for \'lorem ipsum\' will uncover many web sites still in their infancy. Various versions have evolved over the years, sometimes by accident, sometimes on purpose (injected humour and the like).','/upload_images/defaultProfile/background.jpg','https://lh3.googleusercontent.com/a-/AOh14GgUyYTmxpmd1dB-qCFlhkyNxrAa59b40480EszqRw=s96-c','','','','','','',0,'2021-02-05 09:51:02'),('0b128394-62f6-4880-aa0f-9133ec4e924e',0,0,0,'It is a long established fact that a reader will be distracted by the readable content of a page when looking at its layout. The point of using Lorem Ipsum is that it has a more-or-less normal distribution of letters, as opposed to using \'Content here, content here\', making it look like readable English. Many desktop publishing packages and web page editors now use Lorem Ipsum as their default model text, and a search for \'lorem ipsum\' will uncover many web sites still in their infancy. Various versions have evolved over the years, sometimes by accident, sometimes on purpose (injected humour and the like).','/upload_images/defaultProfile/background.jpg','https://lh4.googleusercontent.com/-ec2f2B-94oM/AAAAAAAAAAI/AAAAAAAAAGg/AMZuuckqpaNefGFbsUyfkSG6ggQwIZ3C7Q/s96-c/photo.jpg','','','','','','',0,'2021-02-05 08:55:58'),('0dc10649-8835-432d-8ec6-4b7a27d710e0',0,0,0,'It is a long established fact that a reader will be distracted by the readable content of a page when looking at its layout. The point of using Lorem Ipsum is that it has a more-or-less normal distribution of letters, as opposed to using \'Content here, content here\', making it look like readable English. Many desktop publishing packages and web page editors now use Lorem Ipsum as their default model text, and a search for \'lorem ipsum\' will uncover many web sites still in their infancy. Various versions have evolved over the years, sometimes by accident, sometimes on purpose (injected humour and the like).','/upload_images/defaultProfile/background.jpg','https://lh4.googleusercontent.com/-ec2f2B-94oM/AAAAAAAAAAI/AAAAAAAAAGg/AMZuuckqpaNefGFbsUyfkSG6ggQwIZ3C7Q/s96-c/photo.jpg','','','','','','',0,'2021-02-05 08:56:19'),('108ba0d6-6ed8-4aae-83bd-3490b88fe373',0,0,0,'It is a long established fact that a reader will be distracted by the readable content of a page when looking at its layout. The point of using Lorem Ipsum is that it has a more-or-less normal distribution of letters, as opposed to using \'Content here, content here\', making it look like readable English. Many desktop publishing packages and web page editors now use Lorem Ipsum as their default model text, and a search for \'lorem ipsum\' will uncover many web sites still in their infancy. Various versions have evolved over the years, sometimes by accident, sometimes on purpose (injected humour and the like).','/upload_images/defaultProfile/background.jpg','https://lh4.googleusercontent.com/-ec2f2B-94oM/AAAAAAAAAAI/AAAAAAAAAGg/AMZuuckqpaNefGFbsUyfkSG6ggQwIZ3C7Q/s96-c/photo.jpg','','','','','','',0,'2021-02-04 11:45:09'),('10fb536a-7669-4009-a1db-a7e260ecca15',0,0,0,'It is a long established fact that a reader will be distracted by the readable content of a page when looking at its layout. The point of using Lorem Ipsum is that it has a more-or-less normal distribution of letters, as opposed to using \'Content here, content here\', making it look like readable English. Many desktop publishing packages and web page editors now use Lorem Ipsum as their default model text, and a search for \'lorem ipsum\' will uncover many web sites still in their infancy. Various versions have evolved over the years, sometimes by accident, sometimes on purpose (injected humour and the like).','/upload_images/defaultProfile/background.jpg','https://lh4.googleusercontent.com/-ec2f2B-94oM/AAAAAAAAAAI/AAAAAAAAAGg/AMZuuckqpaNefGFbsUyfkSG6ggQwIZ3C7Q/s96-c/photo.jpg','','','','','','',0,'2021-02-04 11:24:14'),('170c1a22-c6ac-4972-9bfd-dfa58e917dc2',0,0,0,'It is a long established fact that a reader will be distracted by the readable content of a page when looking at its layout. The point of using Lorem Ipsum is that it has a more-or-less normal distribution of letters, as opposed to using \'Content here, content here\', making it look like readable English. Many desktop publishing packages and web page editors now use Lorem Ipsum as their default model text, and a search for \'lorem ipsum\' will uncover many web sites still in their infancy. Various versions have evolved over the years, sometimes by accident, sometimes on purpose (injected humour and the like).','/upload_images/defaultProfile/background.jpg','https://lh4.googleusercontent.com/-ec2f2B-94oM/AAAAAAAAAAI/AAAAAAAAAGg/AMZuuckqpaNefGFbsUyfkSG6ggQwIZ3C7Q/s96-c/photo.jpg','','','','','','',4,'2021-02-04 09:46:40'),('1984a7ad-df0c-4951-bef9-2b9a15cc2f41',0,0,0,'It is a long established fact that a reader will be distracted by the readable content of a page when looking at its layout. The point of using Lorem Ipsum is that it has a more-or-less normal distribution of letters, as opposed to using \'Content here, content here\', making it look like readable English. Many desktop publishing packages and web page editors now use Lorem Ipsum as their default model text, and a search for \'lorem ipsum\' will uncover many web sites still in their infancy. Various versions have evolved over the years, sometimes by accident, sometimes on purpose (injected humour and the like).','/upload_images/defaultProfile/background.jpg','https://lh4.googleusercontent.com/-ec2f2B-94oM/AAAAAAAAAAI/AAAAAAAAAGg/AMZuuckqpaNefGFbsUyfkSG6ggQwIZ3C7Q/s96-c/photo.jpg','','','','','','',0,'2021-02-04 11:39:56'),('1999be24-a888-4739-91eb-953c0385ff41',0,0,0,'It is a long established fact that a reader will be distracted by the readable content of a page when looking at its layout. The point of using Lorem Ipsum is that it has a more-or-less normal distribution of letters, as opposed to using \'Content here, content here\', making it look like readable English. Many desktop publishing packages and web page editors now use Lorem Ipsum as their default model text, and a search for \'lorem ipsum\' will uncover many web sites still in their infancy. Various versions have evolved over the years, sometimes by accident, sometimes on purpose (injected humour and the like).','/upload_images/defaultProfile/background.jpg','https://lh4.googleusercontent.com/-PpQo9AizKyo/AAAAAAAAAAI/AAAAAAAAAAA/AMZuuclpESxZvGUsWRB7Z5GNtvZ6RN7e9w/s96-c/photo.jpg','','','','','','',0,'2021-02-08 04:36:13'),('1ac635fb-f92e-45ef-9ee5-e8a4eb332c1f',0,0,0,'It is a long established fact that a reader will be distracted by the readable content of a page when looking at its layout. The point of using Lorem Ipsum is that it has a more-or-less normal distribution of letters, as opposed to using \'Content here, content here\', making it look like readable English. Many desktop publishing packages and web page editors now use Lorem Ipsum as their default model text, and a search for \'lorem ipsum\' will uncover many web sites still in their infancy. Various versions have evolved over the years, sometimes by accident, sometimes on purpose (injected humour and the like).','/upload_images/defaultProfile/background.jpg','https://lh4.googleusercontent.com/-ec2f2B-94oM/AAAAAAAAAAI/AAAAAAAAAGg/AMZuuckqpaNefGFbsUyfkSG6ggQwIZ3C7Q/s96-c/photo.jpg','','','','','','',0,'2021-02-04 11:39:54'),('21f2bcd4-be48-486a-a69a-d2e18ac5e7dd',0,0,0,'It is a long established fact that a reader will be distracted by the readable content of a page when looking at its layout. The point of using Lorem Ipsum is that it has a more-or-less normal distribution of letters, as opposed to using \'Content here, content here\', making it look like readable English. Many desktop publishing packages and web page editors now use Lorem Ipsum as their default model text, and a search for \'lorem ipsum\' will uncover many web sites still in their infancy. Various versions have evolved over the years, sometimes by accident, sometimes on purpose (injected humour and the like).','/upload_images/defaultProfile/background.jpg','https://lh4.googleusercontent.com/-ec2f2B-94oM/AAAAAAAAAAI/AAAAAAAAAGg/AMZuuckqpaNefGFbsUyfkSG6ggQwIZ3C7Q/s96-c/photo.jpg','','','','','','',0,'2021-02-05 08:56:32'),('2958c6b7-e0ab-4648-a62d-0f39534410aa',0,0,0,'It is a long established fact that a reader will be distracted by the readable content of a page when looking at its layout. The point of using Lorem Ipsum is that it has a more-or-less normal distribution of letters, as opposed to using \'Content here, content here\', making it look like readable English. Many desktop publishing packages and web page editors now use Lorem Ipsum as their default model text, and a search for \'lorem ipsum\' will uncover many web sites still in their infancy. Various versions have evolved over the years, sometimes by accident, sometimes on purpose (injected humour and the like).','/upload_images/profile/310690051706_image_cropper_1610176056301.jpg','/upload_images/profile/595839036023_image_cropper_1611038347582.jpg','','','','','','',4,'2021-01-09 07:07:32'),('3122baae-acbe-4b1c-a2e0-704a7e9c17ee',0,0,0,'It is a long established fact that a reader will be distracted by the readable content of a page when looking at its layout. The point of using Lorem Ipsum is that it has a more-or-less normal distribution of letters, as opposed to using \'Content here, content here\', making it look like readable English. Many desktop publishing packages and web page editors now use Lorem Ipsum as their default model text, and a search for \'lorem ipsum\' will uncover many web sites still in their infancy. Various versions have evolved over the years, sometimes by accident, sometimes on purpose (injected humour and the like).','/upload_images/defaultProfile/background.jpg','https://lh4.googleusercontent.com/-ec2f2B-94oM/AAAAAAAAAAI/AAAAAAAAAGg/AMZuuckqpaNefGFbsUyfkSG6ggQwIZ3C7Q/s96-c/photo.jpg','','','','','','',0,'2021-02-04 11:39:47'),('34b09253-149b-4e73-a76f-172f7a953799',0,0,0,'It is a long established fact that a reader will be distracted by the readable content of a page when looking at its layout. The point of using Lorem Ipsum is that it has a more-or-less normal distribution of letters, as opposed to using \'Content here, content here\', making it look like readable English. Many desktop publishing packages and web page editors now use Lorem Ipsum as their default model text, and a search for \'lorem ipsum\' will uncover many web sites still in their infancy. Various versions have evolved over the years, sometimes by accident, sometimes on purpose (injected humour and the like).','/upload_images/defaultProfile/background.jpg','https://lh4.googleusercontent.com/-ec2f2B-94oM/AAAAAAAAAAI/AAAAAAAAAGg/AMZuuckqpaNefGFbsUyfkSG6ggQwIZ3C7Q/s96-c/photo.jpg','','','','','','',0,'2021-02-05 08:56:34'),('3d35c079-19e1-461a-9271-c98bdd23c4df',0,0,0,'It is a long established fact that a reader will be distracted by the readable content of a page when looking at its layout. The point of using Lorem Ipsum is that it has a more-or-less normal distribution of letters, as opposed to using \'Content here, content here\', making it look like readable English. Many desktop publishing packages and web page editors now use Lorem Ipsum as their default model text, and a search for \'lorem ipsum\' will uncover many web sites still in their infancy. Various versions have evolved over the years, sometimes by accident, sometimes on purpose (injected humour and the like).','/upload_images/defaultProfile/background.jpg','https://lh4.googleusercontent.com/-ec2f2B-94oM/AAAAAAAAAAI/AAAAAAAAAGg/AMZuuckqpaNefGFbsUyfkSG6ggQwIZ3C7Q/s96-c/photo.jpg','','','','','','',0,'2021-02-04 11:36:54'),('3f49ad3d-da4c-4d13-8e56-0083092b1ccc',0,0,0,'It is a long established fact that a reader will be distracted by the readable content of a page when looking at its layout. The point of using Lorem Ipsum is that it has a more-or-less normal distribution of letters, as opposed to using \'Content here, content here\', making it look like readable English. Many desktop publishing packages and web page editors now use Lorem Ipsum as their default model text, and a search for \'lorem ipsum\' will uncover many web sites still in their infancy. Various versions have evolved over the years, sometimes by accident, sometimes on purpose (injected humour and the like).','/upload_images/defaultProfile/background.jpg','https://lh4.googleusercontent.com/-ec2f2B-94oM/AAAAAAAAAAI/AAAAAAAAAGg/AMZuuckqpaNefGFbsUyfkSG6ggQwIZ3C7Q/s96-c/photo.jpg','','','','','','',0,'2021-02-05 08:56:26'),('4165c807-1546-4b57-b7bf-f9a1f22812b4',0,0,0,'It is a long established fact that a reader will be distracted by the readable content of a page when looking at its layout. The point of using Lorem Ipsum is that it has a more-or-less normal distribution of letters, as opposed to using \'Content here, content here\', making it look like readable English. Many desktop publishing packages and web page editors now use Lorem Ipsum as their default model text, and a search for \'lorem ipsum\' will uncover many web sites still in their infancy. Various versions have evolved over the years, sometimes by accident, sometimes on purpose (injected humour and the like).','/upload_images/defaultProfile/background.jpg','https://lh3.googleusercontent.com/a-/AOh14GgUyYTmxpmd1dB-qCFlhkyNxrAa59b40480EszqRw=s96-c','','','','','','',0,'2021-02-05 09:57:39'),('41f619ab-ba72-48b4-8e27-bdc602d1b021',0,0,0,'It is a long established fact that a reader will be distracted by the readable content of a page when looking at its layout. The point of using Lorem Ipsum is that it has a more-or-less normal distribution of letters, as opposed to using \'Content here, content here\', making it look like readable English. Many desktop publishing packages and web page editors now use Lorem Ipsum as their default model text, and a search for \'lorem ipsum\' will uncover many web sites still in their infancy. Various versions have evolved over the years, sometimes by accident, sometimes on purpose (injected humour and the like).','/upload_images/defaultProfile/background.jpg','https://lh4.googleusercontent.com/-ec2f2B-94oM/AAAAAAAAAAI/AAAAAAAAAGg/AMZuuckqpaNefGFbsUyfkSG6ggQwIZ3C7Q/s96-c/photo.jpg','','','','','','',0,'2021-02-04 11:39:53'),('45b10c94-1917-4464-93d0-5e990e82dd4c',0,0,0,'It is a long established fact that a reader will be distracted by the readable content of a page when looking at its layout. The point of using Lorem Ipsum is that it has a more-or-less normal distribution of letters, as opposed to using \'Content here, content here\', making it look like readable English. Many desktop publishing packages and web page editors now use Lorem Ipsum as their default model text, and a search for \'lorem ipsum\' will uncover many web sites still in their infancy. Various versions have evolved over the years, sometimes by accident, sometimes on purpose (injected humour and the like).','/upload_images/profile/415284839390_image_cropper_1608901342282.jpg','/upload_images/profile/787923569186_image_cropper_1608730189060.jpg','','','','','','',0,'2020-12-23 13:24:32'),('474e2d7b-4724-4b33-8c88-f4fb24591d20',0,0,0,'It is a long established fact that a reader will be distracted by the readable content of a page when looking at its layout. The point of using Lorem Ipsum is that it has a more-or-less normal distribution of letters, as opposed to using \'Content here, content here\', making it look like readable English. Many desktop publishing packages and web page editors now use Lorem Ipsum as their default model text, and a search for \'lorem ipsum\' will uncover many web sites still in their infancy. Various versions have evolved over the years, sometimes by accident, sometimes on purpose (injected humour and the like).','/upload_images/defaultProfile/background.jpg','https://lh4.googleusercontent.com/-ec2f2B-94oM/AAAAAAAAAAI/AAAAAAAAAGg/AMZuuckqpaNefGFbsUyfkSG6ggQwIZ3C7Q/s96-c/photo.jpg','','','','','','',0,'2021-02-04 11:24:15'),('47635388-a5b0-4c21-afcb-2bfe919e6114',0,0,0,'It is a long established fact that a reader will be distracted by the readable content of a page when looking at its layout. The point of using Lorem Ipsum is that it has a more-or-less normal distribution of letters, as opposed to using \'Content here, content here\', making it look like readable English. Many desktop publishing packages and web page editors now use Lorem Ipsum as their default model text, and a search for \'lorem ipsum\' will uncover many web sites still in their infancy. Various versions have evolved over the years, sometimes by accident, sometimes on purpose (injected humour and the like).','/upload_images/defaultProfile/background.jpg','https://lh4.googleusercontent.com/-ec2f2B-94oM/AAAAAAAAAAI/AAAAAAAAAGg/AMZuuckqpaNefGFbsUyfkSG6ggQwIZ3C7Q/s96-c/photo.jpg','','','','','','',0,'2021-02-04 11:39:49'),('47aba804-84f8-46e1-96f6-6457797362bb',0,0,0,'Lorem Ipsum is simply dummy text of the printing and typesetting industry. Lorem Ipsum has been the industry\'s standard dummy text ever since the 1500s, when an unknown printer took a galley of type and scrambled it to make a type specimen book. It has survived not only five centuries, but also the leap into electronic typesetting, remaining essentially unchanged. It was popularised in the 1960s with the release of Letraset sheets containing Lorem Ipsum passages, and more recently with desktop publishing software like Aldus PageMaker including versions of Lorem Ipsum','/upload_images/profile/602317887594_image_cropper_1608953137047.jpg','/upload_images/profile/661289667369_image_cropper_1608953180814.jpg','njcc','','','','','',0,'2020-12-24 05:55:14'),('47daed1d-1eed-4f60-aa98-f90f96011231',0,0,0,'It is a long established fact that a reader will be distracted by the readable content of a page when looking at its layout. The point of using Lorem Ipsum is that it has a more-or-less normal distribution of letters, as opposed to using \'Content here, content here\', making it look like readable English. Many desktop publishing packages and web page editors now use Lorem Ipsum as their default model text, and a search for \'lorem ipsum\' will uncover many web sites still in their infancy. Various versions have evolved over the years, sometimes by accident, sometimes on purpose (injected humour and the like).','/upload_images/defaultProfile/background.jpg','https://lh4.googleusercontent.com/-ec2f2B-94oM/AAAAAAAAAAI/AAAAAAAAAGg/AMZuuckqpaNefGFbsUyfkSG6ggQwIZ3C7Q/s96-c/photo.jpg','','','','','','',0,'2021-02-04 11:24:21'),('4b2f5ae5-cc75-48ea-8895-64dcdbb76c36',0,0,0,'It is a long established fact that a reader will be distracted by the readable content of a page when looking at its layout. The point of using Lorem Ipsum is that it has a more-or-less normal distribution of letters, as opposed to using \'Content here, content here\', making it look like readable English. Many desktop publishing packages and web page editors now use Lorem Ipsum as their default model text, and a search for \'lorem ipsum\' will uncover many web sites still in their infancy. Various versions have evolved over the years, sometimes by accident, sometimes on purpose (injected humour and the like).','/upload_images/defaultProfile/background.jpg','https://lh4.googleusercontent.com/-ec2f2B-94oM/AAAAAAAAAAI/AAAAAAAAAGg/AMZuuckqpaNefGFbsUyfkSG6ggQwIZ3C7Q/s96-c/photo.jpg','','','','','','',0,'2021-02-04 11:38:53'),('4b9e2ac7-4638-4eec-8d6e-6445d187c7f2',0,0,0,'It is a long established fact that a reader will be distracted by the readable content of a page when looking at its layout. The point of using Lorem Ipsum is that it has a more-or-less normal distribution of letters, as opposed to using \'Content here, content here\', making it look like readable English. Many desktop publishing packages and web page editors now use Lorem Ipsum as their default model text, and a search for \'lorem ipsum\' will uncover many web sites still in their infancy. Various versions have evolved over the years, sometimes by accident, sometimes on purpose (injected humour and the like).','/upload_images/defaultProfile/background.jpg','https://lh4.googleusercontent.com/-ec2f2B-94oM/AAAAAAAAAAI/AAAAAAAAAGg/AMZuuckqpaNefGFbsUyfkSG6ggQwIZ3C7Q/s96-c/photo.jpg','','','','','','',0,'2021-02-04 12:05:27'),('50c0c810-f976-4b5f-85e2-3e7277f8a854',0,0,0,'It is a long established fact that a reader will be distracted by the readable content of a page when looking at its layout. The point of using Lorem Ipsum is that it has a more-or-less normal distribution of letters, as opposed to using \'Content here, content here\', making it look like readable English. Many desktop publishing packages and web page editors now use Lorem Ipsum as their default model text, and a search for \'lorem ipsum\' will uncover many web sites still in their infancy. Various versions have evolved over the years, sometimes by accident, sometimes on purpose (injected humour and the like).','/upload_images/defaultProfile/background.jpg','https://lh4.googleusercontent.com/-ec2f2B-94oM/AAAAAAAAAAI/AAAAAAAAAGg/AMZuuckqpaNefGFbsUyfkSG6ggQwIZ3C7Q/s96-c/photo.jpg','','','','','','',0,'2021-02-04 11:24:20'),('562a52cc-0356-4ba3-903d-141bbfe99214',0,0,0,'It is a long established fact that a reader will be distracted by the readable content of a page when looking at its layout. The point of using Lorem Ipsum is that it has a more-or-less normal distribution of letters, as opposed to using \'Content here, content here\', making it look like readable English. Many desktop publishing packages and web page editors now use Lorem Ipsum as their default model text, and a search for \'lorem ipsum\' will uncover many web sites still in their infancy. Various versions have evolved over the years, sometimes by accident, sometimes on purpose (injected humour and the like).','/upload_images/defaultProfile/background.jpg','https://lh4.googleusercontent.com/-ec2f2B-94oM/AAAAAAAAAAI/AAAAAAAAAGg/AMZuuckqpaNefGFbsUyfkSG6ggQwIZ3C7Q/s96-c/photo.jpg','','','','','','',0,'2021-02-04 11:36:55'),('5e22e969-5ef5-4a87-a1c3-5009f49d693c',0,0,0,'It is a long established fact that a reader will be distracted by the readable content of a page when looking at its layout. The point of using Lorem Ipsum is that it has a more-or-less normal distribution of letters, as opposed to using \'Content here, content here\', making it look like readable English. Many desktop publishing packages and web page editors now use Lorem Ipsum as their default model text, and a search for \'lorem ipsum\' will uncover many web sites still in their infancy. Various versions have evolved over the years, sometimes by accident, sometimes on purpose (injected humour and the like).','/upload_images/profile/600015431540_image_cropper_1609482283155.jpg','/upload_images/profile/985003408148_image_cropper_1609244796304.jpg','','','','','','',0,'2020-12-29 12:19:29'),('67a6d5ee-d8be-40f5-a128-17f9b285461c',0,0,0,'It is a long established fact that a reader will be distracted by the readable content of a page when looking at its layout. The point of using Lorem Ipsum is that it has a more-or-less normal distribution of letters, as opposed to using \'Content here, content here\', making it look like readable English. Many desktop publishing packages and web page editors now use Lorem Ipsum as their default model text, and a search for \'lorem ipsum\' will uncover many web sites still in their infancy. Various versions have evolved over the years, sometimes by accident, sometimes on purpose (injected humour and the like).','/upload_images/defaultProfile/background.jpg','https://lh4.googleusercontent.com/-ec2f2B-94oM/AAAAAAAAAAI/AAAAAAAAAGg/AMZuuckqpaNefGFbsUyfkSG6ggQwIZ3C7Q/s96-c/photo.jpg','','','','','','',0,'2021-02-05 08:56:42'),('685ad987-f210-44ae-a3db-b27011ff3af3',0,0,0,'It is a long established fact that a reader will be distracted by the readable content of a page when looking at its layout. The point of using Lorem Ipsum is that it has a more-or-less normal distribution of letters, as opposed to using \'Content here, content here\', making it look like readable English. Many desktop publishing packages and web page editors now use Lorem Ipsum as their default model text, and a search for \'lorem ipsum\' will uncover many web sites still in their infancy. Various versions have evolved over the years, sometimes by accident, sometimes on purpose (injected humour and the like).','/upload_images/defaultProfile/background.jpg','https://lh4.googleusercontent.com/-ec2f2B-94oM/AAAAAAAAAAI/AAAAAAAAAGg/AMZuuckqpaNefGFbsUyfkSG6ggQwIZ3C7Q/s96-c/photo.jpg','','','','','','',0,'2021-02-05 08:56:23'),('6b3cf604-cc5e-498d-bedf-4709dcfa2048',0,0,0,'It is a long established fact that a reader will be distracted by the readable content of a page when looking at its layout. The point of using Lorem Ipsum is that it has a more-or-less normal distribution of letters, as opposed to using \'Content here, content here\', making it look like readable English. Many desktop publishing packages and web page editors now use Lorem Ipsum as their default model text, and a search for \'lorem ipsum\' will uncover many web sites still in their infancy. Various versions have evolved over the years, sometimes by accident, sometimes on purpose (injected humour and the like).','/upload_images/profile/694030341830_image_cropper_1612242268175.jpg','/upload_images/profile/764793448640_image_cropper_1612271749607.jpg','','','','','','',11,'2021-02-02 05:02:58'),('710125c9-b240-44bb-89da-4b9045190f0a',0,0,0,'It is a long established fact that a reader will be distracted by the readable content of a page when looking at its layout. The point of using Lorem Ipsum is that it has a more-or-less normal distribution of letters, as opposed to using \'Content here, content here\', making it look like readable English. Many desktop publishing packages and web page editors now use Lorem Ipsum as their default model text, and a search for \'lorem ipsum\' will uncover many web sites still in their infancy. Various versions have evolved over the years, sometimes by accident, sometimes on purpose (injected humour and the like).','/upload_images/defaultProfile/background.jpg','https://platform-lookaside.fbsbx.com/platform/profilepic/?asid=3504759192903126&height=800&width=800&ext=1612508434&hash=AeT1jppoO6fg5nR4AXw','','','','','','',0,'2021-01-06 06:27:40'),('73a0df66-bb01-4b48-967b-c7714156b94a',0,0,0,'It is a long established fact that a reader will be distracted by the readable content of a page when looking at its layout. The point of using Lorem Ipsum is that it has a more-or-less normal distribution of letters, as opposed to using \'Content here, content here\', making it look like readable English. Many desktop publishing packages and web page editors now use Lorem Ipsum as their default model text, and a search for \'lorem ipsum\' will uncover many web sites still in their infancy. Various versions have evolved over the years, sometimes by accident, sometimes on purpose (injected humour and the like).','/upload_images/defaultProfile/background.jpg','https://lh4.googleusercontent.com/-ec2f2B-94oM/AAAAAAAAAAI/AAAAAAAAAGg/AMZuuckqpaNefGFbsUyfkSG6ggQwIZ3C7Q/s96-c/photo.jpg','','','','','','',0,'2021-02-05 08:38:19'),('7619c1ec-241b-46d7-8ea2-3eadb5141853',0,0,0,'It is a long established fact that a reader will be distracted by the readable content of a page when looking at its layout. The point of using Lorem Ipsum is that it has a more-or-less normal distribution of letters, as opposed to using \'Content here, content here\', making it look like readable English. Many desktop publishing packages and web page editors now use Lorem Ipsum as their default model text, and a search for \'lorem ipsum\' will uncover many web sites still in their infancy. Various versions have evolved over the years, sometimes by accident, sometimes on purpose (injected humour and the like).','/upload_images/defaultProfile/background.jpg','https://lh4.googleusercontent.com/-ec2f2B-94oM/AAAAAAAAAAI/AAAAAAAAAGg/AMZuuckqpaNefGFbsUyfkSG6ggQwIZ3C7Q/s96-c/photo.jpg','','','','','','',0,'2021-02-04 11:24:02'),('764a9d48-2b44-4ffe-912a-a97aee16bdd8',0,0,0,'It is a long established fact that a reader will be distracted by the readable content of a page when looking at its layout. The point of using Lorem Ipsum is that it has a more-or-less normal distribution of letters, as opposed to using \'Content here, content here\', making it look like readable English. Many desktop publishing packages and web page editors now use Lorem Ipsum as their default model text, and a search for \'lorem ipsum\' will uncover many web sites still in their infancy. Various versions have evolved over the years, sometimes by accident, sometimes on purpose (injected humour and the like).','/upload_images/defaultProfile/background.jpg','https://lh4.googleusercontent.com/-ec2f2B-94oM/AAAAAAAAAAI/AAAAAAAAAGg/AMZuuckqpaNefGFbsUyfkSG6ggQwIZ3C7Q/s96-c/photo.jpg','','','','','','',0,'2021-02-05 08:38:28'),('76c8d154-8516-46f7-a69c-7cb2384406e6',0,0,0,'It is a long established fact that a reader will be distracted by the readable content of a page when looking at its layout. The point of using Lorem Ipsum is that it has a more-or-less normal distribution of letters, as opposed to using \'Content here, content here\', making it look like readable English. Many desktop publishing packages and web page editors now use Lorem Ipsum as their default model text, and a search for \'lorem ipsum\' will uncover many web sites still in their infancy. Various versions have evolved over the years, sometimes by accident, sometimes on purpose (injected humour and the like).','/upload_images/defaultProfile/background.jpg','https://lh4.googleusercontent.com/-PpQo9AizKyo/AAAAAAAAAAI/AAAAAAAAAAA/AMZuuclpESxZvGUsWRB7Z5GNtvZ6RN7e9w/s96-c/photo.jpg','','','','','','',0,'2021-02-08 04:36:13'),('79c49dad-dedf-49ca-802d-a71acdcef65a',0,0,0,'It is a long established fact that a reader will be distracted by the readable content of a page when looking at its layout. The point of using Lorem Ipsum is that it has a more-or-less normal distribution of letters, as opposed to using \'Content here, content here\', making it look like readable English. Many desktop publishing packages and web page editors now use Lorem Ipsum as their default model text, and a search for \'lorem ipsum\' will uncover many web sites still in their infancy. Various versions have evolved over the years, sometimes by accident, sometimes on purpose (injected humour and the like).','/upload_images/defaultProfile/background.jpg','https://lh4.googleusercontent.com/-ec2f2B-94oM/AAAAAAAAAAI/AAAAAAAAAGg/AMZuuckqpaNefGFbsUyfkSG6ggQwIZ3C7Q/s96-c/photo.jpg','','','','','','',0,'2021-02-04 11:39:52'),('7d451540-fae8-457e-bd42-a7d3f915e2b5',0,0,0,'It is a long established fact that a reader will be distracted by the readable content of a page when looking at its layout. The point of using Lorem Ipsum is that it has a more-or-less normal distribution of letters, as opposed to using \'Content here, content here\', making it look like readable English. Many desktop publishing packages and web page editors now use Lorem Ipsum as their default model text, and a search for \'lorem ipsum\' will uncover many web sites still in their infancy. Various versions have evolved over the years, sometimes by accident, sometimes on purpose (injected humour and the like).','/upload_images/defaultProfile/background.jpg','https://lh3.googleusercontent.com/a-/AOh14GgUyYTmxpmd1dB-qCFlhkyNxrAa59b40480EszqRw=s96-c','','','','','','',0,'2021-02-05 09:51:09'),('7e02dae1-2c94-4d84-a87b-4f17f9d30b95',0,0,0,'','/upload_images/defaultProfile/background.jpg','/upload_images/profile/354162467341_image_cropper_1609245157776.jpg','','','','','','',0,'2020-12-29 12:32:58'),('8000024a-f6fb-4127-866b-627d090882a1',0,0,0,'It is a long established fact that a reader will be distracted by the readable content of a page when looking at its layout. The point of using Lorem Ipsum is that it has a more-or-less normal distribution of letters, as opposed to using \'Content here, content here\', making it look like readable English. Many desktop publishing packages and web page editors now use Lorem Ipsum as their default model text, and a search for \'lorem ipsum\' will uncover many web sites still in their infancy. Various versions have evolved over the years, sometimes by accident, sometimes on purpose (injected humour and the like).','/upload_images/defaultProfile/background.jpg','https://lh4.googleusercontent.com/-ec2f2B-94oM/AAAAAAAAAAI/AAAAAAAAAGg/AMZuuckqpaNefGFbsUyfkSG6ggQwIZ3C7Q/s96-c/photo.jpg','','','','','','',0,'2021-02-04 11:39:48'),('80989875-89e1-446c-a7b1-1abfeb99219c',0,0,0,'It is a long established fact that a reader will be distracted by the readable content of a page when looking at its layout. The point of using Lorem Ipsum is that it has a more-or-less normal distribution of letters, as opposed to using \'Content here, content here\', making it look like readable English. Many desktop publishing packages and web page editors now use Lorem Ipsum as their default model text, and a search for \'lorem ipsum\' will uncover many web sites still in their infancy. Various versions have evolved over the years, sometimes by accident, sometimes on purpose (injected humour and the like).','/upload_images/defaultProfile/background.jpg','https://lh4.googleusercontent.com/-ec2f2B-94oM/AAAAAAAAAAI/AAAAAAAAAGg/AMZuuckqpaNefGFbsUyfkSG6ggQwIZ3C7Q/s96-c/photo.jpg','','','','','','',0,'2021-02-04 11:24:16'),('854e293d-bc0c-4732-9100-e80b9432d006',0,0,0,'It is a long established fact that a reader will be distracted by the readable content of a page when looking at its layout. The point of using Lorem Ipsum is that it has a more-or-less normal distribution of letters, as opposed to using \'Content here, content here\', making it look like readable English. Many desktop publishing packages and web page editors now use Lorem Ipsum as their default model text, and a search for \'lorem ipsum\' will uncover many web sites still in their infancy. Various versions have evolved over the years, sometimes by accident, sometimes on purpose (injected humour and the like).','/upload_images/defaultProfile/background.jpg','https://lh4.googleusercontent.com/-ec2f2B-94oM/AAAAAAAAAAI/AAAAAAAAAGg/AMZuuckqpaNefGFbsUyfkSG6ggQwIZ3C7Q/s96-c/photo.jpg','','','','','','',0,'2021-02-04 11:36:50'),('85ba612a-3d2c-4441-89a3-eefcf3d23be2',0,0,0,'It is a long established fact that a reader will be distracted by the readable content of a page when looking at its layout. The point of using Lorem Ipsum is that it has a more-or-less normal distribution of letters, as opposed to using \'Content here, content here\', making it look like readable English. Many desktop publishing packages and web page editors now use Lorem Ipsum as their default model text, and a search for \'lorem ipsum\' will uncover many web sites still in their infancy. Various versions have evolved over the years, sometimes by accident, sometimes on purpose (injected humour and the like).','/upload_images/defaultProfile/background.jpg','https://lh3.googleusercontent.com/a-/AOh14GgUyYTmxpmd1dB-qCFlhkyNxrAa59b40480EszqRw=s96-c','','','','','','',0,'2021-02-05 09:57:05'),('8afe529d-3a75-4052-9636-200862eb88a0',0,0,0,'It is a long established fact that a reader will be distracted by the readable content of a page when looking at its layout. The point of using Lorem Ipsum is that it has a more-or-less normal distribution of letters, as opposed to using \'Content here, content here\', making it look like readable English. Many desktop publishing packages and web page editors now use Lorem Ipsum as their default model text, and a search for \'lorem ipsum\' will uncover many web sites still in their infancy. Various versions have evolved over the years, sometimes by accident, sometimes on purpose (injected humour and the like).','/upload_images/defaultProfile/background.jpg','https://lh4.googleusercontent.com/-ec2f2B-94oM/AAAAAAAAAAI/AAAAAAAAAGg/AMZuuckqpaNefGFbsUyfkSG6ggQwIZ3C7Q/s96-c/photo.jpg','','','','','','',0,'2021-02-04 11:38:52'),('90382c03-80aa-4f2b-bcb4-582082f98e7b',0,0,0,'It is a long established fact that a reader will be distracted by the readable content of a page when looking at its layout. The point of using Lorem Ipsum is that it has a more-or-less normal distribution of letters, as opposed to using \'Content here, content here\', making it look like readable English. Many desktop publishing packages and web page editors now use Lorem Ipsum as their default model text, and a search for \'lorem ipsum\' will uncover many web sites still in their infancy. Various versions have evolved over the years, sometimes by accident, sometimes on purpose (injected humour and the like).','/upload_images/defaultProfile/background.jpg','https://lh4.googleusercontent.com/-ec2f2B-94oM/AAAAAAAAAAI/AAAAAAAAAGg/AMZuuckqpaNefGFbsUyfkSG6ggQwIZ3C7Q/s96-c/photo.jpg','','','','','','',0,'2021-02-05 08:56:17'),('911290b6-591e-4f88-a984-7cf65f124eeb',0,0,0,'It is a long established fact that a reader will be distracted by the readable content of a page when looking at its layout. The point of using Lorem Ipsum is that it has a more-or-less normal distribution of letters, as opposed to using \'Content here, content here\', making it look like readable English. Many desktop publishing packages and web page editors now use Lorem Ipsum as their default model text, and a search for \'lorem ipsum\' will uncover many web sites still in their infancy. Various versions have evolved over the years, sometimes by accident, sometimes on purpose (injected humour and the like).','/upload_images/defaultProfile/background.jpg','https://lh4.googleusercontent.com/-ec2f2B-94oM/AAAAAAAAAAI/AAAAAAAAAGg/AMZuuckqpaNefGFbsUyfkSG6ggQwIZ3C7Q/s96-c/photo.jpg','','','','','','',0,'2021-02-04 12:05:30'),('97eff3bc-7c55-42f3-b95d-8c575010a88c',0,0,0,'','/upload_images/defaultProfile/background.jpg','/upload_images/profile/674496921107_image_cropper_1611407179059.jpg','','','','','','',0,'2021-01-23 13:06:26'),('a39eae0d-441a-4f8f-bcc1-c569e906c704',0,0,0,'It is a long established fact that a reader will be distracted by the readable content of a page when looking at its layout. The point of using Lorem Ipsum is that it has a more-or-less normal distribution of letters, as opposed to using \'Content here, content here\', making it look like readable English. Many desktop publishing packages and web page editors now use Lorem Ipsum as their default model text, and a search for \'lorem ipsum\' will uncover many web sites still in their infancy. Various versions have evolved over the years, sometimes by accident, sometimes on purpose (injected humour and the like).','/upload_images/defaultProfile/background.jpg','https://lh4.googleusercontent.com/-ec2f2B-94oM/AAAAAAAAAAI/AAAAAAAAAGg/AMZuuckqpaNefGFbsUyfkSG6ggQwIZ3C7Q/s96-c/photo.jpg','','','','','','',0,'2021-02-04 11:45:10'),('a3ae1782-fae2-45b7-9e6f-f6f8392f6bcc',0,0,0,'It is a long established fact that a reader will be distracted by the readable content of a page when looking at its layout. The point of using Lorem Ipsum is that it has a more-or-less normal distribution of letters, as opposed to using \'Content here, content here\', making it look like readable English. Many desktop publishing packages and web page editors now use Lorem Ipsum as their default model text, and a search for \'lorem ipsum\' will uncover many web sites still in their infancy. Various versions have evolved over the years, sometimes by accident, sometimes on purpose (injected humour and the like).','/upload_images/defaultProfile/background.jpg','https://lh3.googleusercontent.com/a-/AOh14GgUyYTmxpmd1dB-qCFlhkyNxrAa59b40480EszqRw=s96-c','','','','','','',0,'2021-02-05 10:57:05'),('a5993363-3eae-443b-b657-3160fa26a53e',0,0,0,'It is a long established fact that a reader will be distracted by the readable content of a page when looking at its layout. The point of using Lorem Ipsum is that it has a more-or-less normal distribution of letters, as opposed to using \'Content here, content here\', making it look like readable English. Many desktop publishing packages and web page editors now use Lorem Ipsum as their default model text, and a search for \'lorem ipsum\' will uncover many web sites still in their infancy. Various versions have evolved over the years, sometimes by accident, sometimes on purpose (injected humour and the like).','/upload_images/defaultProfile/background.jpg','https://lh4.googleusercontent.com/-ec2f2B-94oM/AAAAAAAAAAI/AAAAAAAAAGg/AMZuuckqpaNefGFbsUyfkSG6ggQwIZ3C7Q/s96-c/photo.jpg','','','','','','',0,'2021-02-05 08:56:21'),('a7aec251-84c8-4a1d-853c-6d006849c20d',0,0,0,'It is a long established fact that a reader will be distracted by the readable content of a page when looking at its layout. The point of using Lorem Ipsum is that it has a more-or-less normal distribution of letters, as opposed to using \'Content here, content here\', making it look like readable English. Many desktop publishing packages and web page editors now use Lorem Ipsum as their default model text, and a search for \'lorem ipsum\' will uncover many web sites still in their infancy. Various versions have evolved over the years, sometimes by accident, sometimes on purpose (injected humour and the like).','/upload_images/defaultProfile/background.jpg','https://lh4.googleusercontent.com/-ec2f2B-94oM/AAAAAAAAAAI/AAAAAAAAAGg/AMZuuckqpaNefGFbsUyfkSG6ggQwIZ3C7Q/s96-c/photo.jpg','','','','','','',0,'2021-02-04 12:05:28'),('a822906e-3ca2-49f4-b22c-2b4c7c0021dd',0,0,0,'It is a long established fact that a reader will be distracted by the readable content of a page when looking at its layout. The point of using Lorem Ipsum is that it has a more-or-less normal distribution of letters, as opposed to using \'Content here, content here\', making it look like readable English. Many desktop publishing packages and web page editors now use Lorem Ipsum as their default model text, and a search for \'lorem ipsum\' will uncover many web sites still in their infancy. Various versions have evolved over the years, sometimes by accident, sometimes on purpose (injected humour and the like).','/upload_images/defaultProfile/background.jpg','https://lh4.googleusercontent.com/-ec2f2B-94oM/AAAAAAAAAAI/AAAAAAAAAGg/AMZuuckqpaNefGFbsUyfkSG6ggQwIZ3C7Q/s96-c/photo.jpg','','','','','','',0,'2021-02-05 08:56:27'),('ae3a3c87-6286-4ec3-b84f-28f23dbd552b',0,0,0,'It is a long established fact that a reader will be distracted by the readable content of a page when looking at its layout. The point of using Lorem Ipsum is that it has a more-or-less normal distribution of letters, as opposed to using \'Content here, content here\', making it look like readable English. Many desktop publishing packages and web page editors now use Lorem Ipsum as their default model text, and a search for \'lorem ipsum\' will uncover many web sites still in their infancy. Various versions have evolved over the years, sometimes by accident, sometimes on purpose (injected humour and the like).','/upload_images/defaultProfile/background.jpg','https://lh4.googleusercontent.com/-ec2f2B-94oM/AAAAAAAAAAI/AAAAAAAAAGg/AMZuuckqpaNefGFbsUyfkSG6ggQwIZ3C7Q/s96-c/photo.jpg','','','','','','',0,'2021-02-05 08:56:29'),('b0812cb5-16d2-43af-8041-019ba9f92d74',0,0,0,'It is a long established fact that a reader will be distracted by the readable content of a page when looking at its layout. The point of using Lorem Ipsum is that it has a more-or-less normal distribution of letters, as opposed to using \'Content here, content here\', making it look like readable English. Many desktop publishing packages and web page editors now use Lorem Ipsum as their default model text, and a search for \'lorem ipsum\' will uncover many web sites still in their infancy. Various versions have evolved over the years, sometimes by accident, sometimes on purpose (injected humour and the like).','/upload_images/defaultProfile/background.jpg','https://lh4.googleusercontent.com/-ec2f2B-94oM/AAAAAAAAAAI/AAAAAAAAAGg/AMZuuckqpaNefGFbsUyfkSG6ggQwIZ3C7Q/s96-c/photo.jpg','','','','','','',0,'2021-02-04 11:45:08'),('b2126286-fb92-4125-b1d0-1b13e4dcf9fd',0,0,0,'It is a long established fact that a reader will be distracted by the readable content of a page when looking at its layout. The point of using Lorem Ipsum is that it has a more-or-less normal distribution of letters, as opposed to using \'Content here, content here\', making it look like readable English. Many desktop publishing packages and web page editors now use Lorem Ipsum as their default model text, and a search for \'lorem ipsum\' will uncover many web sites still in their infancy. Various versions have evolved over the years, sometimes by accident, sometimes on purpose (injected humour and the like).','/upload_images/defaultProfile/background.jpg','https://lh4.googleusercontent.com/-ec2f2B-94oM/AAAAAAAAAAI/AAAAAAAAAGg/AMZuuckqpaNefGFbsUyfkSG6ggQwIZ3C7Q/s96-c/photo.jpg','','','','','','',0,'2021-02-05 08:56:36'),('b5c6c8c9-5f7b-4f3f-b884-7974893fcbb2',0,0,0,'It is a long established fact that a reader will be distracted by the readable content of a page when looking at its layout. The point of using Lorem Ipsum is that it has a more-or-less normal distribution of letters, as opposed to using \'Content here, content here\', making it look like readable English. Many desktop publishing packages and web page editors now use Lorem Ipsum as their default model text, and a search for \'lorem ipsum\' will uncover many web sites still in their infancy. Various versions have evolved over the years, sometimes by accident, sometimes on purpose (injected humour and the like).','/upload_images/defaultProfile/background.jpg','https://lh3.googleusercontent.com/a-/AOh14GjlbjoOQFE0dTXPQ5h8YoIbJyRBC00HCkAMnFuR=s96-c','','','','','','',0,'2021-01-06 10:33:11'),('c1906901-ebe2-43c2-a5df-3f47a870e53e',0,0,0,'It is a long established fact that a reader will be distracted by the readable content of a page when looking at its layout. The point of using Lorem Ipsum is that it has a more-or-less normal distribution of letters, as opposed to using \'Content here, content here\', making it look like readable English. Many desktop publishing packages and web page editors now use Lorem Ipsum as their default model text, and a search for \'lorem ipsum\' will uncover many web sites still in their infancy. Various versions have evolved over the years, sometimes by accident, sometimes on purpose (injected humour and the like).','/upload_images/defaultProfile/background.jpg','https://lh4.googleusercontent.com/-ec2f2B-94oM/AAAAAAAAAAI/AAAAAAAAAGg/AMZuuckqpaNefGFbsUyfkSG6ggQwIZ3C7Q/s96-c/photo.jpg','','','','','','',0,'2021-02-04 11:39:46'),('c26d9a18-6203-4913-8af1-b7d07b0780b4',0,0,0,'It is a long established fact that a reader will be distracted by the readable content of a page when looking at its layout. The point of using Lorem Ipsum is that it has a more-or-less normal distribution of letters, as opposed to using \'Content here, content here\', making it look like readable English. Many desktop publishing packages and web page editors now use Lorem Ipsum as their default model text, and a search for \'lorem ipsum\' will uncover many web sites still in their infancy. Various versions have evolved over the years, sometimes by accident, sometimes on purpose (injected humour and the like).','/upload_images/profile/567430880894_image_cropper_1610798121191.jpg','/upload_images/profile/228136434250_image_cropper_1610795958475.jpg','','','','','','',0,'2021-01-16 11:19:22'),('c70aa403-6c04-4a94-b28b-621e87c95151',0,0,0,'It is a long established fact that a reader will be distracted by the readable content of a page when looking at its layout. The point of using Lorem Ipsum is that it has a more-or-less normal distribution of letters, as opposed to using \'Content here, content here\', making it look like readable English. Many desktop publishing packages and web page editors now use Lorem Ipsum as their default model text, and a search for \'lorem ipsum\' will uncover many web sites still in their infancy. Various versions have evolved over the years, sometimes by accident, sometimes on purpose (injected humour and the like).','/upload_images/defaultProfile/background.jpg','https://lh3.googleusercontent.com/a-/AOh14GgUyYTmxpmd1dB-qCFlhkyNxrAa59b40480EszqRw=s96-c','','','','','','',0,'2021-02-05 09:57:49'),('ccbc394b-b14c-4d83-9983-72a9bde76e76',0,0,0,'It is a long established fact that a reader will be distracted by the readable content of a page when looking at its layout. The point of using Lorem Ipsum is that it has a more-or-less normal distribution of letters, as opposed to using \'Content here, content here\', making it look like readable English. Many desktop publishing packages and web page editors now use Lorem Ipsum as their default model text, and a search for \'lorem ipsum\' will uncover many web sites still in their infancy. Various versions have evolved over the years, sometimes by accident, sometimes on purpose (injected humour and the like).','/upload_images/defaultProfile/background.jpg','https://lh4.googleusercontent.com/-ec2f2B-94oM/AAAAAAAAAAI/AAAAAAAAAGg/AMZuuckqpaNefGFbsUyfkSG6ggQwIZ3C7Q/s96-c/photo.jpg','','','','','','',0,'2021-02-05 08:38:29'),('d21a2e8f-0238-40c5-88e4-545c8b3cf277',0,0,0,'It is a long established fact that a reader will be distracted by the readable content of a page when looking at its layout. The point of using Lorem Ipsum is that it has a more-or-less normal distribution of letters, as opposed to using \'Content here, content here\', making it look like readable English. Many desktop publishing packages and web page editors now use Lorem Ipsum as their default model text, and a search for \'lorem ipsum\' will uncover many web sites still in their infancy. Various versions have evolved over the years, sometimes by accident, sometimes on purpose (injected humour and the like).','/upload_images/defaultProfile/background.jpg','https://lh4.googleusercontent.com/-ec2f2B-94oM/AAAAAAAAAAI/AAAAAAAAAGg/AMZuuckqpaNefGFbsUyfkSG6ggQwIZ3C7Q/s96-c/photo.jpg','','','','','','',0,'2021-02-04 11:24:22'),('d47d3d5b-a488-4fb9-8975-f35e8eeeec57',0,0,0,'It is a long established fact that a reader will be distracted by the readable content of a page when looking at its layout. The point of using Lorem Ipsum is that it has a more-or-less normal distribution of letters, as opposed to using \'Content here, content here\', making it look like readable English. Many desktop publishing packages and web page editors now use Lorem Ipsum as their default model text, and a search for \'lorem ipsum\' will uncover many web sites still in their infancy. Various versions have evolved over the years, sometimes by accident, sometimes on purpose (injected humour and the like).','/upload_images/defaultProfile/background.jpg','https://platform-lookaside.fbsbx.com/platform/profilepic/?asid=3504759192903126&height=800&width=800&ext=1614509986&hash=AeSgmglY40JatHUvFbI','','','','','','',0,'2021-01-29 10:59:46'),('d6bd9a8e-10c1-4c72-a38c-d6f3891c27fd',0,0,0,'It is a long established fact that a reader will be distracted by the readable content of a page when looking at its layout. The point of using Lorem Ipsum is that it has a more-or-less normal distribution of letters, as opposed to using \'Content here, content here\', making it look like readable English. Many desktop publishing packages and web page editors now use Lorem Ipsum as their default model text, and a search for \'lorem ipsum\' will uncover many web sites still in their infancy. Various versions have evolved over the years, sometimes by accident, sometimes on purpose (injected humour and the like).','/upload_images/defaultProfile/background.jpg','https://lh4.googleusercontent.com/-ec2f2B-94oM/AAAAAAAAAAI/AAAAAAAAAGg/AMZuuckqpaNefGFbsUyfkSG6ggQwIZ3C7Q/s96-c/photo.jpg','','','','','','',0,'2021-02-04 11:36:51'),('d8de7b30-3b25-4713-a381-b0dee09097a7',0,0,0,'It is a long established fact that a reader will be distracted by the readable content of a page when looking at its layout. The point of using Lorem Ipsum is that it has a more-or-less normal distribution of letters, as opposed to using \'Content here, content here\', making it look like readable English. Many desktop publishing packages and web page editors now use Lorem Ipsum as their default model text, and a search for \'lorem ipsum\' will uncover many web sites still in their infancy. Various versions have evolved over the years, sometimes by accident, sometimes on purpose (injected humour and the like).','/upload_images/defaultProfile/background.jpg','https://lh4.googleusercontent.com/-ec2f2B-94oM/AAAAAAAAAAI/AAAAAAAAAGg/AMZuuckqpaNefGFbsUyfkSG6ggQwIZ3C7Q/s96-c/photo.jpg','','','','','','',0,'2021-02-05 08:38:27'),('d949e67b-0889-45d0-b305-eda9c974c0c2',0,0,0,'It is a long established fact that a reader will be distracted by the readable content of a page when looking at its layout. The point of using Lorem Ipsum is that it has a more-or-less normal distribution of letters, as opposed to using \'Content here, content here\', making it look like readable English. Many desktop publishing packages and web page editors now use Lorem Ipsum as their default model text, and a search for \'lorem ipsum\' will uncover many web sites still in their infancy. Various versions have evolved over the years, sometimes by accident, sometimes on purpose (injected humour and the like).','/upload_images/defaultProfile/background.jpg','https://platform-lookaside.fbsbx.com/platform/profilepic/?asid=3504759192903126&height=800&width=800&ext=1612508434&hash=AeT1jppoO6fg5nR4AXw','','','','','','',0,'2021-01-06 06:24:07'),('daad37f7-8cad-497c-84e2-d0c0cc52972e',0,0,0,'It is a long established fact that a reader will be distracted by the readable content of a page when looking at its layout. The point of using Lorem Ipsum is that it has a more-or-less normal distribution of letters, as opposed to using \'Content here, content here\', making it look like readable English. Many desktop publishing packages and web page editors now use Lorem Ipsum as their default model text, and a search for \'lorem ipsum\' will uncover many web sites still in their infancy. Various versions have evolved over the years, sometimes by accident, sometimes on purpose (injected humour and the like).','/upload_images/defaultProfile/background.jpg','https://lh4.googleusercontent.com/-ec2f2B-94oM/AAAAAAAAAAI/AAAAAAAAAGg/AMZuuckqpaNefGFbsUyfkSG6ggQwIZ3C7Q/s96-c/photo.jpg','','','','','','',0,'2021-02-04 11:39:57'),('default',4,4,1,'It is a long established fact that a reader will be distracted by the readable content of a page when looking at its layout. The point of using Lorem Ipsum is that it has a more-or-less normal distribution of letters, as opposed to using \'Content here, content here\', making it look like readable English. Many desktop publishing packages and web page editors now use Lorem Ipsum as their default model text, and a search for \'lorem ipsum\' will uncover many web sites still in their infancy. Various versions have evolved over the years, sometimes by accident, sometimes on purpose (injected humour and the like).','/upload_images/defaultProfile/background.jpg','/upload_images/profile/903956272930_2.PNG','','','','','','',260,'2020-12-23 13:02:16'),('e336f27d-c9ea-48c6-a38e-191fe92d0b76',0,0,0,'It is a long established fact that a reader will be distracted by the readable content of a page when looking at its layout. The point of using Lorem Ipsum is that it has a more-or-less normal distribution of letters, as opposed to using \'Content here, content here\', making it look like readable English. Many desktop publishing packages and web page editors now use Lorem Ipsum as their default model text, and a search for \'lorem ipsum\' will uncover many web sites still in their infancy. Various versions have evolved over the years, sometimes by accident, sometimes on purpose (injected humour and the like).','/upload_images/defaultProfile/background.jpg','https://lh4.googleusercontent.com/-ec2f2B-94oM/AAAAAAAAAAI/AAAAAAAAAGg/AMZuuckqpaNefGFbsUyfkSG6ggQwIZ3C7Q/s96-c/photo.jpg','','','','','','',0,'2021-02-05 08:37:41'),('e441b82c-ba3f-42d1-b09c-cc3fe4ff5c23',0,0,0,'Lorem Ipsum is simply dummy text of the printing and typesetting industry. Lorem Ipsum has been the industry\'s standard dummy text ever since the 1500s, when an unknown printer took a galley of type and scrambled it to make a type specimen book. It has survived not only five centuries, but also the leap into electronic typesetting, remaining essentially unchanged. It was popularised in the 1960s with the release of Letraset sheets containing Lorem Ipsum passages, and more recently with desktop publishing software like Aldus PageMaker including versions of Lorem Ipsum','/upload_images/profile/548595958353_515390364387_download.jpg','/upload_images/profile/762620192204_750723342838_location-pin.png','njcc','','','','','',0,'2021-01-01 06:32:45'),('e76e08ef-ec7a-453a-be8d-12194c8fc597',0,0,0,'','/upload_images/defaultProfile/background.jpg','/upload_images/profile/873665297843_2.PNG','','','','','','',0,'2020-12-29 12:33:55'),('e89d45ac-1caa-4af3-b6ad-c18c0333afc2',0,0,0,'It is a long established fact that a reader will be distracted by the readable content of a page when looking at its layout. The point of using Lorem Ipsum is that it has a more-or-less normal distribution of letters, as opposed to using \'Content here, content here\', making it look like readable English. Many desktop publishing packages and web page editors now use Lorem Ipsum as their default model text, and a search for \'lorem ipsum\' will uncover many web sites still in their infancy. Various versions have evolved over the years, sometimes by accident, sometimes on purpose (injected humour and the like).','/upload_images/defaultProfile/background.jpg','https://lh4.googleusercontent.com/-ec2f2B-94oM/AAAAAAAAAAI/AAAAAAAAAGg/AMZuuckqpaNefGFbsUyfkSG6ggQwIZ3C7Q/s96-c/photo.jpg','','','','','','',0,'2021-02-04 12:05:26'),('e9cc8561-5808-4f7f-a3f7-1b57c540b334',0,0,0,'','/upload_images/profile/555344490221_image_cropper_1609494718451.jpg','/upload_images/profile/156661350235_image_cropper_1609482764884.jpg','','','','','','',0,'2021-01-01 06:32:52'),('ee48cd88-4300-4e50-9c3a-59f00aa2fdf5',0,0,0,'It is a long established fact that a reader will be distracted by the readable content of a page when looking at its layout. The point of using Lorem Ipsum is that it has a more-or-less normal distribution of letters, as opposed to using \'Content here, content here\', making it look like readable English. Many desktop publishing packages and web page editors now use Lorem Ipsum as their default model text, and a search for \'lorem ipsum\' will uncover many web sites still in their infancy. Various versions have evolved over the years, sometimes by accident, sometimes on purpose (injected humour and the like).','/upload_images/defaultProfile/background.jpg','https://lh4.googleusercontent.com/-ec2f2B-94oM/AAAAAAAAAAI/AAAAAAAAAGg/AMZuuckqpaNefGFbsUyfkSG6ggQwIZ3C7Q/s96-c/photo.jpg','','','','','','',0,'2021-02-04 11:39:45'),('f3d22647-0fa2-4c56-a721-05d77cd1d923',0,0,0,'It is a long established fact that a reader will be distracted by the readable content of a page when looking at its layout. The point of using Lorem Ipsum is that it has a more-or-less normal distribution of letters, as opposed to using \'Content here, content here\', making it look like readable English. Many desktop publishing packages and web page editors now use Lorem Ipsum as their default model text, and a search for \'lorem ipsum\' will uncover many web sites still in their infancy. Various versions have evolved over the years, sometimes by accident, sometimes on purpose (injected humour and the like).','/upload_images/defaultProfile/background.jpg','','','','','','','',0,'2021-02-05 10:29:41'),('f47f266d-5258-407b-b8f7-bbb1dd29c725',0,0,0,'It is a long established fact that a reader will be distracted by the readable content of a page when looking at its layout. The point of using Lorem Ipsum is that it has a more-or-less normal distribution of letters, as opposed to using \'Content here, content here\', making it look like readable English. Many desktop publishing packages and web page editors now use Lorem Ipsum as their default model text, and a search for \'lorem ipsum\' will uncover many web sites still in their infancy. Various versions have evolved over the years, sometimes by accident, sometimes on purpose (injected humour and the like).','/upload_images/defaultProfile/background.jpg','https://lh4.googleusercontent.com/-ec2f2B-94oM/AAAAAAAAAAI/AAAAAAAAAGg/AMZuuckqpaNefGFbsUyfkSG6ggQwIZ3C7Q/s96-c/photo.jpg','','','','','','',0,'2021-02-04 11:36:52'),('f66c9da5-60e9-4280-baf4-7f451d76aa8d',0,0,0,'It is a long established fact that a reader will be distracted by the readable content of a page when looking at its layout. The point of using Lorem Ipsum is that it has a more-or-less normal distribution of letters, as opposed to using \'Content here, content here\', making it look like readable English. Many desktop publishing packages and web page editors now use Lorem Ipsum as their default model text, and a search for \'lorem ipsum\' will uncover many web sites still in their infancy. Various versions have evolved over the years, sometimes by accident, sometimes on purpose (injected humour and the like).','/upload_images/defaultProfile/background.jpg','https://lh4.googleusercontent.com/-ec2f2B-94oM/AAAAAAAAAAI/AAAAAAAAAGg/AMZuuckqpaNefGFbsUyfkSG6ggQwIZ3C7Q/s96-c/photo.jpg','','','','','','',0,'2021-02-04 11:39:44'),('f6e97363-f4b2-4275-a515-3e59d9a2f1f6',0,0,0,'It is a long established fact that a reader will be distracted by the readable content of a page when looking at its layout. The point of using Lorem Ipsum is that it has a more-or-less normal distribution of letters, as opposed to using \'Content here, content here\', making it look like readable English. Many desktop publishing packages and web page editors now use Lorem Ipsum as their default model text, and a search for \'lorem ipsum\' will uncover many web sites still in their infancy. Various versions have evolved over the years, sometimes by accident, sometimes on purpose (injected humour and the like).','/upload_images/defaultProfile/background.jpg','https://lh4.googleusercontent.com/-ec2f2B-94oM/AAAAAAAAAAI/AAAAAAAAAGg/AMZuuckqpaNefGFbsUyfkSG6ggQwIZ3C7Q/s96-c/photo.jpg','','','','','','',0,'2021-02-04 11:39:42'),('fb3bddf9-46aa-44d6-ad42-57b78fecf256',0,0,0,'It is a long established fact that a reader will be distracted by the readable content of a page when looking at its layout. The point of using Lorem Ipsum is that it has a more-or-less normal distribution of letters, as opposed to using \'Content here, content here\', making it look like readable English. Many desktop publishing packages and web page editors now use Lorem Ipsum as their default model text, and a search for \'lorem ipsum\' will uncover many web sites still in their infancy. Various versions have evolved over the years, sometimes by accident, sometimes on purpose (injected humour and the like).','/upload_images/defaultProfile/background.jpg','https://lh3.googleusercontent.com/a-/AOh14GgUyYTmxpmd1dB-qCFlhkyNxrAa59b40480EszqRw=s96-c','','','','','','',0,'2021-02-05 09:55:36'),('fe41f343-f8d2-4d16-b760-c908649dfa03',0,0,0,'It is a long established fact that a reader will be distracted by the readable content of a page when looking at its layout. The point of using Lorem Ipsum is that it has a more-or-less normal distribution of letters, as opposed to using \'Content here, content here\', making it look like readable English. Many desktop publishing packages and web page editors now use Lorem Ipsum as their default model text, and a search for \'lorem ipsum\' will uncover many web sites still in their infancy. Various versions have evolved over the years, sometimes by accident, sometimes on purpose (injected humour and the like).','/upload_images/defaultProfile/background.jpg','https://lh4.googleusercontent.com/-ec2f2B-94oM/AAAAAAAAAAI/AAAAAAAAAGg/AMZuuckqpaNefGFbsUyfkSG6ggQwIZ3C7Q/s96-c/photo.jpg','','','','','','',0,'2021-02-04 11:39:51');
/*!40000 ALTER TABLE `profiles` ENABLE KEYS */;
UNLOCK TABLES;

--
-- Table structure for table `refer`
--

DROP TABLE IF EXISTS `refer`;
/*!40101 SET @saved_cs_client     = @@character_set_client */;
/*!50503 SET character_set_client = utf8mb4 */;
CREATE TABLE `refer` (
  `id` int NOT NULL AUTO_INCREMENT,
  `user_id` int DEFAULT NULL,
  `refer_code` char(50) NOT NULL,
  PRIMARY KEY (`id`),
  UNIQUE KEY `refer_code` (`refer_code`),
  UNIQUE KEY `user_id` (`user_id`)
) ENGINE=InnoDB DEFAULT CHARSET=utf8mb4 COLLATE=utf8mb4_0900_ai_ci;
/*!40101 SET character_set_client = @saved_cs_client */;

--
-- Dumping data for table `refer`
--

LOCK TABLES `refer` WRITE;
/*!40000 ALTER TABLE `refer` DISABLE KEYS */;
/*!40000 ALTER TABLE `refer` ENABLE KEYS */;
UNLOCK TABLES;

--
-- Table structure for table `review`
--

DROP TABLE IF EXISTS `review`;
/*!40101 SET @saved_cs_client     = @@character_set_client */;
/*!50503 SET character_set_client = utf8mb4 */;
CREATE TABLE `review` (
  `id` int NOT NULL,
  `p_id` char(50) NOT NULL,
  `u_id` char(50) NOT NULL
) ENGINE=InnoDB DEFAULT CHARSET=utf8mb4 COLLATE=utf8mb4_0900_ai_ci;
/*!40101 SET character_set_client = @saved_cs_client */;

--
-- Dumping data for table `review`
--

LOCK TABLES `review` WRITE;
/*!40000 ALTER TABLE `review` DISABLE KEYS */;
INSERT INTO `review` VALUES (0,'default','00217ef0-451f-11eb-b639-09bd4e7b1a84');
/*!40000 ALTER TABLE `review` ENABLE KEYS */;
UNLOCK TABLES;

--
-- Table structure for table `roles`
--

DROP TABLE IF EXISTS `roles`;
/*!40101 SET @saved_cs_client     = @@character_set_client */;
/*!50503 SET character_set_client = utf8mb4 */;
CREATE TABLE `roles` (
  `id` varchar(255) NOT NULL,
  `role` varchar(255) DEFAULT NULL,
  PRIMARY KEY (`id`),
  UNIQUE KEY `role` (`role`)
) ENGINE=InnoDB DEFAULT CHARSET=utf8mb4 COLLATE=utf8mb4_0900_ai_ci;
/*!40101 SET character_set_client = @saved_cs_client */;

--
-- Dumping data for table `roles`
--

LOCK TABLES `roles` WRITE;
/*!40000 ALTER TABLE `roles` DISABLE KEYS */;
INSERT INTO `roles` VALUES ('bf3cd410-8d26-4627-86fa-6ebd0c8cade6','admin'),('548c176a-75c8-47c7-bdf7-df5fcbd43873','influencer'),('3a8d1f9a-0b1d-4241-9db9-a23c11816591','user');
/*!40000 ALTER TABLE `roles` ENABLE KEYS */;
UNLOCK TABLES;

--
-- Table structure for table `share_post`
--

DROP TABLE IF EXISTS `share_post`;
/*!40101 SET @saved_cs_client     = @@character_set_client */;
/*!50503 SET character_set_client = utf8mb4 */;
CREATE TABLE `share_post` (
  `id` int NOT NULL AUTO_INCREMENT,
  `post_id` char(50) NOT NULL,
  `user_id` char(50) NOT NULL,
  `timestamp` timestamp NOT NULL DEFAULT CURRENT_TIMESTAMP,
  PRIMARY KEY (`id`)
) ENGINE=InnoDB DEFAULT CHARSET=utf8mb4 COLLATE=utf8mb4_0900_ai_ci;
/*!40101 SET character_set_client = @saved_cs_client */;

--
-- Dumping data for table `share_post`
--

LOCK TABLES `share_post` WRITE;
/*!40000 ALTER TABLE `share_post` DISABLE KEYS */;
/*!40000 ALTER TABLE `share_post` ENABLE KEYS */;
UNLOCK TABLES;

--
-- Table structure for table `shipping_option`
--

DROP TABLE IF EXISTS `shipping_option`;
/*!40101 SET @saved_cs_client     = @@character_set_client */;
/*!50503 SET character_set_client = utf8mb4 */;
CREATE TABLE `shipping_option` (
  `id` int NOT NULL AUTO_INCREMENT,
  `name` char(100) NOT NULL,
  PRIMARY KEY (`id`)
) ENGINE=InnoDB DEFAULT CHARSET=utf8mb4 COLLATE=utf8mb4_0900_ai_ci;
/*!40101 SET character_set_client = @saved_cs_client */;

--
-- Dumping data for table `shipping_option`
--

LOCK TABLES `shipping_option` WRITE;
/*!40000 ALTER TABLE `shipping_option` DISABLE KEYS */;
/*!40000 ALTER TABLE `shipping_option` ENABLE KEYS */;
UNLOCK TABLES;

--
-- Table structure for table `size`
--

DROP TABLE IF EXISTS `size`;
/*!40101 SET @saved_cs_client     = @@character_set_client */;
/*!50503 SET character_set_client = utf8mb4 */;
CREATE TABLE `size` (
  `id` int NOT NULL AUTO_INCREMENT,
  `name` char(50) DEFAULT NULL,
  `item_condition` text,
  `img` text NOT NULL,
  PRIMARY KEY (`id`),
  UNIQUE KEY `name` (`name`)
) ENGINE=InnoDB AUTO_INCREMENT=7 DEFAULT CHARSET=utf8mb4 COLLATE=utf8mb4_0900_ai_ci;
/*!40101 SET character_set_client = @saved_cs_client */;

--
-- Dumping data for table `size`
--

LOCK TABLES `size` WRITE;
/*!40000 ALTER TABLE `size` DISABLE KEYS */;
INSERT INTO `size` VALUES (1,'size_1',NULL,'upload_images/size/default.png'),(2,'size_2',NULL,'upload_images/size/default.png'),(3,'size_3',NULL,'upload_images/size/default.png'),(4,'size_4',NULL,'upload_images/size/default.png'),(5,'size_5',NULL,'upload_images/size/default.png'),(6,'size_6',NULL,'upload_images/size/default.png');
/*!40000 ALTER TABLE `size` ENABLE KEYS */;
UNLOCK TABLES;

--
-- Table structure for table `transactional_image`
--

DROP TABLE IF EXISTS `transactional_image`;
/*!40101 SET @saved_cs_client     = @@character_set_client */;
/*!50503 SET character_set_client = utf8mb4 */;
CREATE TABLE `transactional_image` (
  `id` bigint NOT NULL AUTO_INCREMENT,
  `user_id` char(50) CHARACTER SET utf8mb4 COLLATE utf8mb4_general_ci DEFAULT NULL,
  `path` char(100) CHARACTER SET utf8mb4 COLLATE utf8mb4_general_ci DEFAULT NULL,
  `img_name` char(50) CHARACTER SET utf8mb4 COLLATE utf8mb4_general_ci DEFAULT NULL,
  `timestamp` timestamp NOT NULL DEFAULT CURRENT_TIMESTAMP ON UPDATE CURRENT_TIMESTAMP,
  PRIMARY KEY (`id`)
) ENGINE=InnoDB AUTO_INCREMENT=9223372036854775807 DEFAULT CHARSET=utf8mb4 COLLATE=utf8mb4_0900_ai_ci;
/*!40101 SET character_set_client = @saved_cs_client */;

--
-- Dumping data for table `transactional_image`
--

LOCK TABLES `transactional_image` WRITE;
/*!40000 ALTER TABLE `transactional_image` DISABLE KEYS */;
INSERT INTO `transactional_image` VALUES (1,NULL,'/upload_images/webImages/175201332952_219588126558_2.PNG','175201332952_219588126558_2.PNG','2021-01-07 13:12:34'),(2,NULL,'/upload_images/webImages/482916532242_263082627875_building.png','482916532242_263082627875_building.png','2021-01-07 13:12:34'),(3,NULL,'/upload_images/webImages/940245604734_150177470165_screenshot-www.figma.com-2020.10.26-11_09_31.png','940245604734_150177470165_screenshot-www.figma.com','2021-01-07 13:12:34'),(4,NULL,'/upload_images/webImages/270420364909_247420553970_building.png','270420364909_247420553970_building.png','2021-01-07 13:12:34'),(6,'85fc8542-2e50-4fa9-9734-af7fa7ac7728','/upload_images/post/','689669674256_result.mp4','2021-02-08 11:26:41'),(7,'a0276b09-8864-43d7-aff9-33af81a965fb','/upload_images/post/','382343391698_result.mp4','2021-01-12 12:19:07'),(8,'af920bc2-5ed6-430b-8b95-63edc29c5bf8','/upload_images/post/','710360290737_result.mp4','2021-01-12 13:23:16'),(9,'4b94a64a-3be9-4633-bc65-465f891ce3cf','/upload_images/post/','825110306841_Large-Sample-png-Image-download-for-T','2021-02-09 09:56:34'),(27,'cfbc9def-7a61-4d08-8edb-630c83fbb536','/upload_images/post/','853322170219_sample-mp4-file (1).mp4','2021-02-09 09:55:48'),(90,'d9a910f4-bfaa-45bb-a197-fe71abd3b132','/upload_images/post/','847802798968_Large-Sample-png-Image-download-for-T','2021-02-09 09:56:08'),(1624,'90d11f06-130b-4e93-92ec-8e9666c77d64','/upload_images/post/','104934668184_sample-mp4-file (1).mp4','2021-02-08 11:18:49'),(6910,'d9c8b185-d783-48e6-b678-a64052b478ff','/upload_images/post/','656917859470_Large-Sample-png-Image-download-for-T','2021-02-09 09:56:00'),(17000,'eae649bb-c1b0-4102-8dd4-057e5446a8ec','/upload_images/post/','706815937140_result.mp4','2021-02-08 11:15:05'),(644772,'4a200084-0206-48bf-9d68-0342126d9554','/upload_images/post/','481449041620_result.mp4','2021-01-16 11:11:08'),(897068,'c442f186-cec5-4e09-a347-2631fd0362e3','/upload_images/post/','955390007654_sample-mp4-file (1).mp4','2021-02-08 11:25:15'),(30274486,'4b94a64a-3be9-4633-bc65-465f891ce3cf','/upload_images/post/','127450609683_file_example_MP4_480_1_5MG.mp4','2021-02-09 09:56:34'),(40731308,'3897d930-5acb-4f8e-aded-262368917d5a','/upload_images/post/','888931748530_result.mp4','2021-02-08 11:16:16'),(500000000,'abcf7e98-2fc8-47c9-9ea9-cb3b17e6e48d','/upload_images/post/','694082783177_result.mp4','2021-01-16 11:21:12'),(9223372036854775807,'a8ee21f0-86ce-4ed8-a6db-41d1d7deb590','/upload_images/post/','885711195699_1610541828697.png','2021-01-13 12:44:19');
/*!40000 ALTER TABLE `transactional_image` ENABLE KEYS */;
UNLOCK TABLES;

--
-- Table structure for table `transactional_scrap_img`
--

DROP TABLE IF EXISTS `transactional_scrap_img`;
/*!40101 SET @saved_cs_client     = @@character_set_client */;
/*!50503 SET character_set_client = utf8mb4 */;
CREATE TABLE `transactional_scrap_img` (
  `id` int NOT NULL AUTO_INCREMENT,
  `url` text,
  `img` longtext NOT NULL,
  `timestamp` timestamp NOT NULL DEFAULT CURRENT_TIMESTAMP,
  PRIMARY KEY (`id`)
) ENGINE=InnoDB AUTO_INCREMENT=98 DEFAULT CHARSET=utf8mb4 COLLATE=utf8mb4_0900_ai_ci;
/*!40101 SET character_set_client = @saved_cs_client */;

--
-- Dumping data for table `transactional_scrap_img`
--

LOCK TABLES `transactional_scrap_img` WRITE;
/*!40000 ALTER TABLE `transactional_scrap_img` DISABLE KEYS */;
INSERT INTO `transactional_scrap_img` VALUES (96,'https://www.flipkart.com/tripr-solid-men-v-neck-multicolor-t-shirt/p/itmd8dcbc54fbd46?pid=TSHEVESKBSY6ZFTM&lid=LSTTSHEVESKBSY6ZFTMC9JI7W&marketplace=FLIPKART&pageUID=1612769382901','{\"productName\":[\"Solid Men V Neck Multicolor T-Shirt\"],\"productPrice\":[\"279\",\"279\",\"806\"],\"productImage\":[\"https://rukminim1.flixcart.com/image/714/857/ju4em4w0/t-shirt/g/h/q/xxl-tgyrdganesh-tripr-original-imaffahmjwf2gbb4.jpeg?q=50\",\"https://rukminim1.flixcart.com/image/180/180/ju4em4w0/t-shirt/g/h/q/xxl-tgyrdganesh-tripr-original-imaffahmjwf2gbb4.jpeg?q=50\",\"https://rukminim1.flixcart.com/image/180/180/kdnf98w0hlty2aw-0/t-shirt/r/5/v/l-tgy-rbvnd01ganesh-tripr-original-imafuzrq6hpafsmb.jpeg?q=50\",\"https://rukminim1.flixcart.com/image/180/180/kdnf98w0hlty2aw-0/t-shirt/m/e/m/s-tgyrd-gyrbvnd01ganesh-tripr-original-imafuzrss4mhzgrz.jpeg?q=50\",\"https://rukminim1.flixcart.com/image/345/414/ju4em4w0/t-shirt/g/h/q/xxl-tgyrdganesh-tripr-original-imaffahmjwf2gbb4.jpeg?q=70\",\"https://rukminim1.flixcart.com/image/345/414/sandal/6/f/c/180120175-6-peponi-beging-original-imaekjxgzryffgvg.jpeg?q=70\",\"https://rukminim1.flixcart.com/image/280/336/k66sh3k0/track-pant/p/y/2/30-jogger-lower-gym-running-fitnick-original-imafzphyjtwe6fbg.jpeg?q=90\",\"https://rukminim1.flixcart.com/image/280/336/ke7ff680-0/sandal/d/p/m/strap-5o53-rising-wolf-dark-brown-original-imafuy4pkhc7hxpf.jpeg?q=90\",\"https://rukminim1.flixcart.com/image/280/336/k7z3afk0/watch/t/c/x/lcs-8188-lois-caron-original-imafq3k9ztzdkyhe.jpeg?q=90\",\"https://rukminim1.flixcart.com/image/280/336/kcgk1ow0/headphone/n/u/a/235v2-fast-charging-boat-original-imaftk6us4af7bca.jpeg?q=90\"]}','2021-02-08 07:30:17'),(97,'https://www.flipkart.com/helmont-striped-men-hooded-neck-red-black-t-shirt/p/itmfdfvufw3fmuhz?pid=TSHFDFTFFR2QUDWV&lid=LSTTSHFDFTFFR2QUDWVQIYWB1&marketplace=FLIPKART&pageUID=1612866444608','{\"productName\":[\"Striped Men Hooded Neck Red, Black T-Shirt\"],\"productPrice\":[\"299\",\"299\",\"699\",\"398\"],\"productImage\":[\"https://rukminim1.flixcart.com/image/714/857/kf1fo280hlty2aw-0/t-shirt/w/s/e/-original-imafdfvvr8hqdu65.jpeg?q=50\",\"https://rukminim1.flixcart.com/image/180/180/kf1fo280hlty2aw-0/t-shirt/w/s/e/-original-imafdfvvr8hqdu65.jpeg?q=50\",\"https://rukminim1.flixcart.com/image/180/180/kf1fo280hlty2aw-0/t-shirt/3/8/m/-original-imafdfvvpffwfrxu.jpeg?q=50\",\"https://rukminim1.flixcart.com/image/180/180/kf1fo280hlty2aw-0/t-shirt/w/d/m/-original-imafdfvvzrzu3nz8.jpeg?q=50\",\"https://rukminim1.flixcart.com/image/180/180/kf1fo280hlty2aw-0/t-shirt/u/k/v/-original-imafdfvvyetxvgbf.jpeg?q=50\",\"https://rukminim1.flixcart.com/image/180/180/ke8uv0w0-0/t-shirt/b/l/a/s-hm-1001-ramagreen-helmont-original-imafuya47wfh9gp5.jpeg?q=50\",\"https://rukminim1.flixcart.com/image/180/180/kf1fo280hlty2aw-0/t-shirt/x/7/i/-original-imafdfvvz65ab7vm.jpeg?q=50\",\"https://rukminim1.flixcart.com/image/180/180/kflftzk0-0/t-shirt/p/d/v/l-hm-1001-mustard-black-helmont-original-imafwyfb2tqmjdhw.jpeg?q=50\",\"https://rukminim1.flixcart.com/image/345/414/kf1fo280hlty2aw-0/t-shirt/w/s/e/-original-imafdfvvr8hqdu65.jpeg?q=70\",\"https://rukminim1.flixcart.com/image/345/414/jmkwya80/cargo/y/t/p/30-design-1-basic-plus-original-imaf8x38r7qysmyf.jpeg?q=70\",\"https://rukminim1.flixcart.com/image/345/414/juyev0w0/shoe/y/x/7/tennis-wt-bk-10-10-zoomax-multicolor-original-imaffxcgd72eqcfc.jpeg?q=70\",\"https://rukminim1.flixcart.com/image/280/336/jp02t8w0/sweatshirt/4/s/3/s-trdsweatabs1-tripr-original-imafba7amtg5z4bd.jpeg?q=90\",\"https://rukminim1.flixcart.com/image/280/336/jefzonk0/cap/y/g/j/free-m8-hozie-original-imaezvc9g7gesy4a.jpeg?q=90\",\"https://rukminim1.flixcart.com/image/280/336/kay9bbk0/sari/a/s/z/free-1262-5-kashvi-sarees-unstitched-original-imafsepbpnpbxgsz.jpeg?q=90\",\"https://rukminim1.flixcart.com/image/280/336/kh2b4i80/kids-t-shirt/g/q/e/4-5-years-kbs-try-this-original-imafx5qx9aatphw7.jpeg?q=90\"]}','2021-02-09 10:27:50');
/*!40000 ALTER TABLE `transactional_scrap_img` ENABLE KEYS */;
UNLOCK TABLES;

--
-- Table structure for table `transactional_website_records`
--

DROP TABLE IF EXISTS `transactional_website_records`;
/*!40101 SET @saved_cs_client     = @@character_set_client */;
/*!50503 SET character_set_client = utf8mb4 */;
CREATE TABLE `transactional_website_records` (
  `id` int NOT NULL AUTO_INCREMENT,
  `page` char(50) DEFAULT NULL,
  `data` json DEFAULT NULL,
  PRIMARY KEY (`id`)
) ENGINE=InnoDB AUTO_INCREMENT=58 DEFAULT CHARSET=utf8mb4 COLLATE=utf8mb4_0900_ai_ci;
/*!40101 SET character_set_client = @saved_cs_client */;

--
-- Dumping data for table `transactional_website_records`
--

LOCK TABLES `transactional_website_records` WRITE;
/*!40000 ALTER TABLE `transactional_website_records` DISABLE KEYS */;
INSERT INTO `transactional_website_records` VALUES (23,'influencer-apply','{\"page\": \"influencer-apply\", \"url1\": \"cdcds\", \"email\": \"cdjnJ@njujk\", \"lastName\": \"hh\", \"firstName\": \"Heyy\", \"radioData1\": \"Improve content quality and/or consistency.\", \"radioData2\": \"A couple of hours a week,I want money on the side\", \"acceptTerms\": true, \"primaryPostingc\": \"2\"}'),(24,'contact-us','{\"page\": \"contact-us\", \"email\": \"Keelight@sbcglobal.net\", \"message\": \"nm,nm,\", \"lastName\": \"Malunao\", \"contactno\": 6576575677, \"firstName\": \"Patricia\"}'),(25,'contact-us','{\"page\": \"contact-us\", \"email\": \"Keelight@sbcglobal.net\", \"message\": \"nm,nm,\", \"lastName\": \"Malunao\", \"contactno\": 6576575677, \"firstName\": \"Patricia\"}'),(26,'contact-us','{\"page\": \"contact-us\", \"email\": \"Keelight@sbcglobal.net\", \"message\": \"nm,nm,\", \"lastName\": \"Malunao\", \"contactno\": 6576575677, \"firstName\": \"Patricia\"}'),(27,'contact-us','{\"page\": \"contact-us\", \"email\": \"Keelight@sbcglobal.net\", \"message\": \"nm,nm,\", \"lastName\": \"Malunao\", \"contactno\": 6576575677, \"firstName\": \"Patricia\"}'),(28,'contact-us','{\"page\": \"contact-us\", \"email\": \"Keelight@sbcglobal\", \"message\": \"tryrtyt\", \"lastName\": \"Malunao\", \"contactno\": 5465465, \"firstName\": \"Patricia\"}'),(29,'contact-us','{\"page\": \"contact-us\", \"email\": \"Keelight@sbcglobal\", \"message\": \"tryrtyt\", \"lastName\": \"Malunao\", \"contactno\": 5465465, \"firstName\": \"Patricia\"}'),(30,'contact-us','{\"page\": \"contact-us\", \"email\": \"Keelight@sbcglobal\", \"message\": \"tryrtyt\", \"lastName\": \"Malunao\", \"contactno\": 5465465, \"firstName\": \"Patricia\"}'),(31,'influencer-apply','{\"page\": \"influencer-apply\", \"url1\": \"gfhg.fhg\", \"email\": \"Keelight@sbcglobal.net\", \"lastName\": \"Malunao\", \"firstName\": \"Patricia\", \"acceptTerms\": true, \"primaryPostingc\": \"2\"}'),(32,'career','{\"page\": \"career\", \"email\": \"Keelight@sbcglobal.net\", \"message\": \"fgfh\", \"subject\": \"fghg\", \"lastName\": \"Malunao\", \"firstName\": \"Patricia\"}'),(33,'career','{\"page\": \"career\", \"email\": \"Keelight@sbcglobal.net\", \"message\": \"fgfh\", \"subject\": \"fghg\", \"lastName\": \"Malunao\", \"firstName\": \"Patricia\"}'),(34,'contact-us','{\"page\": \"contact-us\", \"email\": \"parthiv@rentechdigital.com\", \"message\": \"cdacdscds\", \"lastName\": \"GG\", \"contactno\": \"6351266609\", \"firstName\": \"GG\"}'),(35,'contact-us','{\"page\": \"contact-us\", \"email\": \"parthiv@rentechdigital.com\", \"message\": \"cdsds\", \"lastName\": \"GG\", \"contactno\": \"9652166609\", \"firstName\": \"GG\"}'),(36,'contact-us','{\"page\": \"contact-us\", \"email\": \"parthiv@rentechdigital.com\", \"message\": \"cdsad\", \"lastName\": \"GG\", \"contactno\": \"9651266609\", \"firstName\": \"GG\"}'),(37,'contact-us','{\"page\": \"contact-us\", \"email\": \"parthiv@rentechdigital.com\", \"message\": \"cdsdscd\", \"lastName\": \"GG\", \"contactno\": \"9625631542\", \"firstName\": \"GG\"}'),(38,'influencer-apply','{\"page\": \"influencer-apply\", \"url1\": \"cdds\", \"email\": \"parthiv@rentechdigital.com\", \"lastName\": \"GG\", \"firstName\": \"GG\", \"radioData1\": \"Grow followers and/or improve engagement.\", \"radioData2\": \"Full time. I want to make this a career\", \"acceptTerms\": true, \"primaryPostingc\": \"2\"}'),(39,'influencer-apply','{\"page\": \"influencer-apply\", \"url1\": \"gfhgfh\", \"email\": \"rishi.luhar12@gmail.com\", \"lastName\": \"Malunao\", \"firstName\": \"Patricia\", \"acceptTerms\": true, \"primaryPostingc\": \"2\"}'),(40,'career','{\"page\": \"career\", \"email\": \"dshfjk@dfhdj.com\", \"message\": \"dsfds\", \"subject\": \"dsf\", \"imageUrl\": \"/upload_images/webImages/385385738161_MicrosoftTeams-image.png\", \"lastName\": \"Malunao\", \"firstName\": \"Patricia\"}'),(41,'influencer-apply','{\"page\": \"influencer-apply\", \"url1\": \"http://52.206.39.205/home\", \"email\": \"dsjfh@dfsjkfhs.dshf\", \"lastName\": \"Malunao\", \"firstName\": \"Patricia\", \"radioData1\": \"More tools to monetize content\", \"radioData2\": \"A couple of hours a week,I want money on the side\", \"acceptTerms\": true, \"primaryPostingc\": \"2\"}'),(42,'influencer-apply','{\"page\": \"influencer-apply\", \"url1\": \"vfvfd\", \"email\": \"parthiv@rentechdigital.com\", \"lastName\": \"GG\", \"firstName\": \"GG\", \"acceptTerms\": true, \"primaryPostingc\": \"3\"}'),(43,'influencer-apply','{\"page\": \"influencer-apply\", \"url1\": \"http://52.206.39.205/home\", \"email\": \"dshfgdshj@dshg.dsf\", \"lastName\": \"Malunao\", \"firstName\": \"Patricia\", \"acceptTerms\": true, \"primaryPostingc\": \"2\"}'),(44,'brand-apply','{\"page\": \"brand-apply\", \"email\": \"parthiv@rentechdigital.com\", \"website\": \"https://www.cj.com/\", \"lastName\": \"GG\", \"firstName\": \"GG\", \"reference\": \"\", \"anualSales\": \"\", \"hqLocation\": \"\", \"totalOrder\": \"\", \"notInvolved\": \"\", \"socialInsta\": \"\", \"marketBudget\": \"\", \"socialTwitter\": \"\", \"uniqueProduct\": \"\", \"agreementFor10\": false, \"instaFollowing\": \"\", \"pastConnection\": \"\", \"roleForCompany\": \"\", \"secondaryBrand\": \"\", \"socialFacebook\": \"\", \"marketingBudget\": \"\", \"primaryVerticle\": \"\", \"twitterFollowing\": \"\", \"facebookFollowing\": \"\", \"parentCompanyName\": \"\", \"averageConversationRate\": \"\", \"affiliateMarketingNetwork\": \"\"}'),(45,'brand-apply','{\"page\": \"brand-apply\", \"email\": \"parthiv@rentechdigital.com\", \"website\": \"https://www.cj.com/\", \"lastName\": \"GG\", \"firstName\": \"GG\", \"reference\": \"\", \"anualSales\": \"\", \"hqLocation\": \"\", \"totalOrder\": \"\", \"notInvolved\": \"\", \"socialInsta\": \"\", \"marketBudget\": \"\", \"socialTwitter\": \"\", \"uniqueProduct\": \"\", \"agreementFor10\": false, \"instaFollowing\": \"\", \"pastConnection\": \"\", \"roleForCompany\": \"\", \"secondaryBrand\": \"\", \"socialFacebook\": \"\", \"marketingBudget\": \"\", \"primaryVerticle\": \"\", \"twitterFollowing\": \"\", \"facebookFollowing\": \"\", \"parentCompanyName\": \"\", \"averageConversationRate\": \"\", \"affiliateMarketingNetwork\": \"\"}'),(46,'career','{\"page\": \"career\", \"email\": \"parthiv@rentechdigital.com\", \"message\": \"bgfbg\", \"subject\": \"fvfdfvb\", \"imageUrl\": \"/upload_images/webImages/305231729969_9.PNG\", \"lastName\": \"GG\", \"firstName\": \"GG\"}'),(47,'influencer-apply','{\"page\": \"influencer-apply\", \"url1\": \"http://52.206.39.205/home\", \"email\": \"hjgsadhj@hdgdshj.gdh\", \"lastName\": \"Malunao\", \"firstName\": \"Patricia\", \"radioData1\": \"More tools to monetize content\", \"radioData2\": \"A couple of hours a week,I want money on the side\", \"acceptTerms\": true, \"primaryPostingc\": \"2\"}'),(48,'influencer-apply','{\"page\": \"influencer-apply\", \"url1\": \"http://52.206.39.205/home\", \"email\": \"gsdhf@dhsfs.sdgh\", \"lastName\": \"Malunao\", \"firstName\": \"Patricia\", \"radioData1\": \"More tools to monetize content\", \"radioData2\": \"A couple of hours a week,I want money on the side\", \"acceptTerms\": true, \"primaryPostingc\": \"2\"}'),(49,'influencer-apply','{\"page\": \"influencer-apply\", \"url1\": \"http://52.206.39.205/home\", \"email\": \"gfhgf@fdg.com\", \"lastName\": \"Malunao\", \"firstName\": \"Patricia\", \"radioData1\": \"More tools to monetize content\", \"radioData2\": \"A couple of hours a week,I want money on the side\", \"acceptTerms\": true, \"primaryPostingc\": \"2\"}'),(50,'career','{\"page\": \"career\", \"email\": \"gdffg@gfg.sas\", \"message\": \"hgfgh\", \"subject\": \"hgfgh\", \"imageUrl\": \"/upload_images/webImages/770817007274_MicrosoftTeams-image.png\", \"lastName\": \"Malunao\", \"contactno\": \"4354354545\", \"firstName\": \"Patricia\"}'),(51,'brand-apply','{\"page\": \"brand-apply\", \"email\": \"parthiv@rentechdigital.com\", \"website\": \"https://www.cj.com/\", \"lastName\": \"GG\", \"firstName\": \"GG\", \"reference\": \"\", \"anualSales\": \"\", \"hqLocation\": \"\", \"totalOrder\": \"\", \"notInvolved\": \"\", \"socialInsta\": \"\", \"marketBudget\": \"\", \"socialTwitter\": \"\", \"uniqueProduct\": \"\", \"agreementFor10\": false, \"instaFollowing\": \"\", \"pastConnection\": \"\", \"roleForCompany\": \"\", \"secondaryBrand\": \"\", \"socialFacebook\": \"\", \"marketingBudget\": \"\", \"primaryVerticle\": \"\", \"twitterFollowing\": \"\", \"facebookFollowing\": \"\", \"parentCompanyName\": \"\", \"averageConversationRate\": \"\", \"affiliateMarketingNetwork\": \"\"}'),(52,'brand-apply','{\"page\": \"brand-apply\", \"email\": \"parthiv@rentechdigital.com\", \"website\": \"https://www.cj.com/\", \"lastName\": \"GG\", \"firstName\": \"GG\", \"reference\": \"\", \"anualSales\": \"\", \"hqLocation\": \"\", \"totalOrder\": \"\", \"notInvolved\": \"\", \"socialInsta\": \"\", \"marketBudget\": \"\", \"socialTwitter\": \"\", \"uniqueProduct\": \"\", \"agreementFor10\": false, \"instaFollowing\": \"\", \"pastConnection\": \"\", \"roleForCompany\": \"\", \"secondaryBrand\": \"\", \"socialFacebook\": \"\", \"marketingBudget\": \"\", \"primaryVerticle\": \"\", \"twitterFollowing\": \"\", \"facebookFollowing\": \"\", \"parentCompanyName\": \"\", \"averageConversationRate\": \"\", \"affiliateMarketingNetwork\": \"\"}'),(53,'brand-apply','{\"page\": \"brand-apply\", \"email\": \"parthiv@rentechdigital.com\", \"website\": \"https://www.cj.com/\", \"lastName\": \"GG\", \"firstName\": \"GG\", \"reference\": \"\", \"anualSales\": \"\", \"hqLocation\": \"\", \"totalOrder\": \"\", \"notInvolved\": \"\", \"socialInsta\": \"\", \"marketBudget\": \"\", \"socialTwitter\": \"\", \"uniqueProduct\": \"\", \"agreementFor10\": false, \"instaFollowing\": \"\", \"pastConnection\": \"\", \"roleForCompany\": \"\", \"secondaryBrand\": \"\", \"socialFacebook\": \"\", \"marketingBudget\": \"\", \"primaryVerticle\": \"\", \"twitterFollowing\": \"\", \"facebookFollowing\": \"\", \"parentCompanyName\": \"\", \"averageConversationRate\": \"\", \"affiliateMarketingNetwork\": \"\"}'),(54,'influencer-apply','{\"page\": \"influencer-apply\", \"url1\": \"\", \"email\": \"angara@gmail.com\", \"lastName\": \"angara\", \"firstName\": \"rishabh\", \"acceptTerms\": true, \"primaryPostingc\": \"Primary Posting Channel\"}'),(55,'brand-apply','{\"page\": \"brand-apply\", \"email\": \"parthiv@rentechdigital.com\", \"website\": \"http://cj.co\", \"lastName\": \"GG\", \"firstName\": \"GG\", \"reference\": \"VMA\", \"anualSales\": \"Rudy\", \"hqLocation\": \"Fanny\", \"totalOrder\": \"VMA\", \"acceptTerms\": true, \"companyName\": \"vfdvf\", \"notInvolved\": \"bgbgf\", \"socialInsta\": \"g\", \"marketBudget\": \"\", \"socialTwitter\": \"g\", \"uniqueProduct\": \"Fanny\", \"Privacy Policy\": \"true\", \"agreementFor10\": false, \"instaFollowing\": \"g\", \"pastConnection\": \"Stan\", \"roleForCompany\": \"Fanny\", \"secondaryBrand\": \"Fanny\", \"socialFacebook\": \"g\", \"marketingBudget\": \"VMA\", \"primaryVerticle\": \"Rudy\", \"twitterFollowing\": \"g\", \"facebookFollowing\": \"g\", \"parentCompanyName\": \"\", \"averageConversationRate\": \"VMA\", \"affiliateMarketingNetwork\": \"Fanny\", \"What are your primary goals for influencer marketing campaigns?Select all that apply--> branding[i]\": \"Owned social channel engagement (e.g. brand Instagram)\"}'),(56,'brand-apply','{\"page\": \"brand-apply\", \"email\": \"parthiv@rentechdigital.com\", \"website\": \"http://www.cj.co\", \"lastName\": \"GG\", \"firstName\": \"GG\", \"reference\": \"Fanny\", \"anualSales\": \"Rudy\", \"hqLocation\": \"VMA\", \"totalOrder\": \"VMA\", \"acceptTerms\": true, \"companyName\": \"dfvfd\", \"notInvolved\": \"vfdfdd\", \"socialInsta\": \"gfbgf\", \"marketBudget\": \"\", \"socialTwitter\": \"bgbgf\", \"uniqueProduct\": \"Stan\", \"Privacy Policy\": {\"true\": \"true\"}, \"agreementFor10\": true, \"instaFollowing\": \"bgfbgf\", \"pastConnection\": \"Fanny\", \"roleForCompany\": \"Stan\", \"secondaryBrand\": \"Stan\", \"socialFacebook\": \"bgfbgf\", \"marketingBudget\": \"Stan\", \"primaryVerticle\": \"Fanny\", \"twitterFollowing\": \"bgfbgf\", \"facebookFollowing\": \"bgf\", \"parentCompanyName\": \"\", \"averageConversationRate\": \"Fanny\", \"affiliateMarketingNetwork\": \"Rudy\", \"Where do you allocate marketing budget? Select all that apply\": {\"Outdoor\": \"Outdoor\", \"Social Media\": \"Social Media\", \"Flat Fee or Sponsored Posts\": \"Flat Fee or Sponsored Posts\"}, \"Which teams at your company work with influencers? Select all that apply\": [\"Affiliate\", \"Social\", \"Marketing\", \"PR \", \"eCommerce\", \"Retail\", \"Other\"], \"I agree to provide a minimum 10% affiliate commission\\n                        rate.\": {\"on\": \"on\"}, \"What are your primary goals for influencer marketing campaigns?Select all that apply--> branding[i]\": {\"Branding\": \"Branding\", \"Awareness\": \"Awareness\", \"Traffic to site\": \"Traffic to site\", \"New publisher relationship\": \"New publisher relationship\"}}'),(57,'brand-apply','{\"page\": \"brand-apply\", \"email\": \"parthiv@rentechdigital.com\", \"website\": \"http://www.c\", \"lastName\": \"GG\", \"firstName\": \"GG\", \"reference\": \"Fanny\", \"anualSales\": \"Stan\", \"hqLocation\": \"Stan\", \"totalOrder\": \"Rudy\", \"acceptTerms\": true, \"companyName\": \"cfdsfvfd\", \"notInvolved\": \"vdvfd\", \"socialInsta\": \"vf\", \"marketBudget\": \"\", \"socialTwitter\": \"fvf\", \"uniqueProduct\": \"Stan\", \"Privacy Policy\": {\"true\": \"true\"}, \"agreementFor10\": true, \"instaFollowing\": \"vfv\", \"pastConnection\": \"Stan\", \"roleForCompany\": \"Stan\", \"secondaryBrand\": \"VMA\", \"socialFacebook\": \"vf\", \"marketingBudget\": \"Fanny\", \"primaryVerticle\": \"Fanny\", \"twitterFollowing\": \"vfv\", \"facebookFollowing\": \"vf\", \"parentCompanyName\": \"\", \"averageConversationRate\": \"Stan\", \"affiliateMarketingNetwork\": \"Fanny\", \"Which teams at your company work with influencers? Select all that apply\": [\"Affiliate\", \"Social\", \"Marketing\", \"PR \", \"eCommerce\", \"Retail\", \"Other\"], \"I agree to provide a minimum 10% affiliate commission\\n                        rate.\": {\"on\": \"on\"}}');
/*!40000 ALTER TABLE `transactional_website_records` ENABLE KEYS */;
UNLOCK TABLES;
/*!40103 SET TIME_ZONE=@OLD_TIME_ZONE */;

/*!40101 SET SQL_MODE=@OLD_SQL_MODE */;
/*!40014 SET FOREIGN_KEY_CHECKS=@OLD_FOREIGN_KEY_CHECKS */;
/*!40014 SET UNIQUE_CHECKS=@OLD_UNIQUE_CHECKS */;
/*!40101 SET CHARACTER_SET_CLIENT=@OLD_CHARACTER_SET_CLIENT */;
/*!40101 SET CHARACTER_SET_RESULTS=@OLD_CHARACTER_SET_RESULTS */;
/*!40101 SET COLLATION_CONNECTION=@OLD_COLLATION_CONNECTION */;
/*!40111 SET SQL_NOTES=@OLD_SQL_NOTES */;

-- Dump completed on 2021-02-10 15:30:18
